USE b4_41537375_rosarito;

INSERT IGNORE INTO generos (id_genero, descripcion) VALUES 
(1, 'Masculino'),
(2, 'Femenino'),
(4, 'Otros');

INSERT IGNORE INTO nacionalidades (id_pais, descripcion) VALUES 
(5, 'ARGENTINA'),
(50, 'REPÚBLICA BOLIVARIANA DE VENEZUELA'),
(64, 'OTRO'),
(56, 'BOLIVIA');

INSERT IGNORE INTO becas (id_beca, descripcion, abreviacion) VALUES 
(4, 'Se retira durante el almuerzo/refrigerio', 'SRA'),
(1, 'Becado', 'BEC'),
(3, 'Lleva su propio almuerzo/refrigerio', 'LLPA'),
(2, 'Abona el servicio de comedor/refrigerio', 'ASC');

INSERT IGNORE INTO estados_asistencia (id_estado, descripcion, char_unique) VALUES 
(1, 'Presente', 'a'),
(2, 'Ausente', 'b'),
(6, 'Ingreso Tardío', 'f'),
(7, 'Retiro anticipado', 'g');

INSERT IGNORE INTO secciones (id_seccion, nombre_seccion, division, jornada, turno) VALUES 
(152387, '6° Grado Mañana Extendida A', 'A', 'Extendida', 'Mañana'),
(152388, '6° Grado Mañana Extendida B', 'B', 'Extendida', 'Mañana'),
(152389, '6° Grado Tarde Extendida C', 'C', 'Extendida', 'Tarde'),
(152390, '6° Grado Tarde Extendida D', 'D', 'Extendida', 'Tarde');

INSERT IGNORE INTO alumnos (id_alumno, id_persona, nombre, apellido, documento, fecha_nacimiento, email, id_genero, id_nacionalidad, id_beca, activo) VALUES 
(373712, 896091, 'THOMAS LEONEL', 'ACOSTA PARRA', '54222182', '2014-08-08', 'thomasa182@alu.bue.edu.ar', 1, 5, 4, TRUE),
(457973, 898452, 'GUADALUPE', 'AQUINO', '54460819', '2015-01-19', 'guadalupea819@alu.bue.edu.ar', 2, 5, 1, TRUE),
(608683, 1183225, 'IZAN AGUSTIN', 'BULACIO GALLARDO', '54742712', '2015-04-17', 'izanb712@alu.bue.edu.ar', 1, 5, 1, TRUE),
(705021, 1287693, 'JAZMIN', 'CALON MIGUEL', '53661862', '2014-07-05', 'jazminc862@alu.bue.edu.ar', 4, 5, 1, TRUE),
(704271, 1286929, 'Valeria ', 'Chen', '54789303', '2015-05-01', 'valeriac303@alu.bue.edu.ar', 4, 5, 4, TRUE),
(431989, 907021, 'AITANA', 'CHEN MEDINA', '54181187', '2014-08-15', 'aitanac187@alu.bue.edu.ar', 2, 5, 1, TRUE),
(466211, 911646, 'JOAQUIN LEON ', 'ECHEVESTE ARMAS', '54458847', '2014-12-27', 'joaquine8847@alu.bue.edu.ar', 1, 5, 4, TRUE),
(475494, 915060, 'MATEO', 'GALARZA LOPEZ', '54381456', '2014-11-07', 'mateog456@alu.bue.edu.ar', 1, 5, 1, TRUE),
(770885, 1358401, 'Benjamin', 'Garcia', '54239393', '2014-09-22', '', 1, 5, NULL, TRUE),
(394846, 918629, 'ELIAS GAEL', 'GUAYUAN PALACIOS', '54299904', '2014-11-29', 'eliasg904@alu.bue.edu.ar', 1, 5, 1, TRUE),
(443782, 974131, 'LOLA', 'GUINDZBERG', '54379423', '2014-11-10', '', 2, 5, 4, TRUE),
(501733, 1020197, 'LUCIANO BENJAMIN', 'LIZARRAGA', '54225943', '2013-11-07', 'lucianol5943@alu.bue.edu.ar', 1, 5, 1, TRUE),
(405192, 929581, 'MALENA ANGELINA', 'NIEVA', '54452220', '2014-12-22', 'malenan220@alu.bue.edu.ar', 2, 5, 4, TRUE),
(734174, 1318102, 'Ciro Mateo', 'Olivera Barrionuevo ', '54087385', '2014-07-12', 'ciroo385@alu.bue.edu.ar', 4, 5, 4, TRUE),
(448839, 930736, 'CELENE BELÉN ', 'ORTEGA', '54456466', '2014-12-04', 'celeneo466@alu.bue.edu.ar', 2, 5, 1, TRUE),
(770315, 1357800, 'Thomas Ezequiel', 'Ortigoza', '54077688', '2014-08-21', '', 1, 5, NULL, TRUE),
(534454, 1098432, 'SANTIAGO  JOSUE ', 'PEÑA MENDEZ ', '470/14', '2014-10-18', '', 1, 50, 4, TRUE),
(460779, 936185, 'MORENA VALENTINA', 'REYES', '54792310', '2015-05-12', 'morenar2310@alu.bue.edu.ar', 2, 5, 4, TRUE),
(574902, 1144376, 'LUISANA MAILEN', 'RODRÍGUEZ ', '53536289', '2013-10-09', 'luisanar289@alu.bue.edu.ar', 2, 5, 4, TRUE),
(474076, 943153, 'JUANA LUDMILA', 'TARZIA CABAÑAS', '54696073', '2015-02-24', 'juanat073@alu.bue.edu.ar', 2, 5, 4, TRUE),
(453479, 985331, 'RAMIRO', 'TULEJKO JOSIP', '54380024', '2014-11-09', 'ramirot024@alu.bue.edu.ar', 1, 5, 4, TRUE),
(573089, 1140596, 'LUCIA ANTONELLA', 'CHACON ACOSTA', '96122441', '2015-02-02', 'luciac2441@alu.bue.edu.ar', 2, 50, 4, TRUE),
(770156, 1357621, 'Ledezma', ' Joaquín', '54568894', '1991-01-01', 'no@mail.com', 1, 5, NULL, TRUE),
(412813, 937667, 'KEVIN ELIEL', 'RODRIGUEZ ROJAS', '95567169', '2014-11-15', 'kevinr169@alu.bue.edu.ar', 1, 5, 1, TRUE),
(570904, 1137289, 'JUAN EMMANUEL', 'BARRIONUEVO', '54320704', '2015-01-07', '', 1, 5, 4, TRUE),
(457886, 900876, 'GIAN', 'BARRIOS HRUZD', '54183158', '2014-08-10', '', 1, 5, 4, TRUE),
(379184, 901982, 'RAFAELA', 'BERTILOTTI', '54298228', '2014-09-03', '', 2, 5, 4, TRUE),
(467877, 906261, 'MATÍAS', 'CAVALLINI', '54457230', '2015-01-03', 'matiasc7230@alu.bue.edu.ar', 1, 5, 1, TRUE),
(426780, 962409, 'FRANCESCO GABRIEL', 'CHAIO', '54104312', '2014-07-26', '', 1, 5, NULL, TRUE),
(386712, 909971, 'MARCOS NEHUEN', 'DE LIMA', '54624776', '2015-02-17', 'marcosd776@alu.bue.edu.ar', 1, 5, 4, TRUE),
(452978, 913780, 'NAHUEL', 'FIGOLA', '54630386', '2015-03-13', 'nahuelf386@alu.bue.edu.ar', 1, 5, 4, TRUE),
(451687, 915175, 'LUCAS GILBERTO', 'GALICIA VELASQUEZ', '54796855', '2015-05-24', 'lucasg855@alu.bue.edu.ar', 1, 5, 1, TRUE),
(394494, 918253, 'LUPE', 'GONZALEZ VISCOVICH', '54627432', '2015-02-10', 'lupeg432@alu.bue.edu.ar', 2, 5, 4, TRUE),
(429422, 925194, 'MÁXIMO MÍLAN', 'MARHABA DOMINGO', '54788886', '2015-03-20', '', 1, 5, 4, TRUE),
(403111, 927371, 'NICOLÁS BRUNO', 'MIGUEL', '54705384', '2015-04-16', 'nicolasm384@alu.bue.edu.ar', 1, 5, 4, TRUE),
(407080, 931598, 'LEON VALENTINO', 'PALAVECINO FERNÁNDEZ VILC', '54895189', '2015-06-29', 'leonp189@alu.bue.edu.ar', 1, 5, 1, TRUE),
(432927, 933528, 'BLAS', 'PIGNUOLI', '54300957', '2014-10-03', 'blasp957@alu.bue.edu.ar', 1, 5, 4, TRUE),
(453409, 936425, 'PEDRO URIEL', 'RINSKY', '54905065', '2015-06-26', '', 1, 5, 4, TRUE),
(439011, 936886, 'VALENTIN', 'ROBERTO MANSILLA', '54628392', '2015-02-12', 'valentinr8392@alu.bue.edu.ar', 1, 5, 4, TRUE),
(413864, 938781, 'JULIAN NESTA', 'ROZO', '54795185', '2015-06-01', 'julianr185@alu.bue.edu.ar', 1, 5, 1, TRUE),
(454046, 938987, 'SOFÍA', 'RUIZ DIAZ RANONI', '54136407', '2014-07-13', 'sofiar407@alu.bue.edu.ar', 2, 5, 4, TRUE),
(414593, 939562, 'OWEN', 'SALINAS ESERETZ', '54701712', '2015-05-24', 'owens712@alu.bue.edu.ar', 1, 5, 4, TRUE),
(414626, 939600, 'PEDRO', 'SALLAGO DIAZ', '54301374', '2014-09-10', 'pedros374@alu.bue.edu.ar', 1, 5, 4, TRUE),
(450976, 940650, 'JUAN MANUEL', 'SASSA', '54697518', '2015-03-15', 'juans518@alu.bue.edu.ar', 1, 5, 4, TRUE),
(481787, 941762, 'JULIAN GAEL', 'SKUTNISKY', '54299612', '2014-09-10', 'julians612@alu.bue.edu.ar', 1, 5, 4, TRUE),
(420638, 945972, 'BRISA ALDANA', 'VERA', '54792407', '2015-05-29', 'brisav407@alu.bue.edu.ar', 2, 5, 4, TRUE),
(420906, 946264, 'LUCA', 'VICEIRO CASOLA', '54629637', '2015-02-09', 'lucav637@alu.bue.edu.ar', 1, 5, 4, TRUE),
(422372, 947831, 'LOLA', 'ZARAGOZA SEOANE', '54451843', '2014-12-06', 'lolaz843@alu.bue.edu.ar', 2, 5, 4, TRUE),
(377793, 900476, 'ENZO', 'BARBIERO', '54629633', '2015-02-07', 'enzob633@alu.bue.edu.ar', 1, 5, 3, TRUE),
(468789, 948642, 'PAULA ISABELLA', 'FERNANDEZ VILLEGAS', '95776602', '2015-04-24', '', 2, 64, 4, TRUE),
(17329, 161368, 'HELENA', 'MATTAR DUBOIS', '54095928', '2014-06-09', 'helenam928@alu.bue.edu.ar', 2, 5, 4, TRUE),
(435578, 926364, 'KEIRA GUADALUPE', 'MEDINA', '54297091', '2014-09-18', 'keiram091@alu.bue.edu.ar', 2, 5, 4, TRUE),
(373589, 895955, 'JULIETA', 'ACOSTA', '54704606', '2015-04-07', 'julietaa606@alu.bue.edu.ar', 2, 5, 4, TRUE),
(382280, 905276, 'VERA', 'CARIATI', '54792626', '2015-04-28', 'verac626@alu.bue.edu.ar', 2, 5, 1, TRUE),
(454195, 912399, 'TANIA', 'ESTEVEZ', '54797991', '2015-05-15', '', 2, 5, 4, TRUE),
(391171, 914725, 'TAMARA ELIZABETH', 'FRETES NUÑEZ', '54628718', '2015-02-20', 'tamaraf718@alu.bue.edu.ar', 2, 5, 1, TRUE),
(477312, 922842, 'TEO', 'LOMBARDIA', '54383902', '2014-11-05', 'teol902@alu.bue.edu.ar', 1, 5, 1, TRUE),
(461747, 923958, 'SIMON', 'LYARDET', '54184535', '2014-07-31', 'simonl535@alu.bue.edu.ar', 1, 5, 1, TRUE),
(464724, 964507, 'DOLORES', 'MINNICELLI GAUNA', '54631638', '2015-02-26', 'doloresm638@alu.bue.edu.ar', 2, 5, 4, TRUE),
(474891, 929471, 'LUCÍA', 'NEJAMKIS', '54296187', '2014-09-16', 'lucian187@alu.bue.edu.ar', 2, 5, 1, TRUE),
(423691, 949324, 'MIRANDA', 'REARDON', '51709481', '2015-01-19', 'mirandar481@alu.bue.edu.ar', 2, 64, 4, TRUE),
(411251, 936019, 'CATALINA ', 'REINECKE', '54380423', '2014-10-06', 'catalinar423@alu.bue.edu.ar', 2, 5, 1, TRUE),
(436192, 938089, 'LUCÍA EVA', 'ROLLANO CABREJAS', '54300855', '2014-09-21', 'luciar855@alu.bue.edu.ar', 2, 5, 1, TRUE),
(448464, 938961, 'BIANCA AYLIN', 'RUIZ DIAZ', '54458117', '2015-01-21', 'biancar117@alu.bue.edu.ar', 2, 5, 4, TRUE),
(460730, 971929, 'MORA MARIA', 'SALINA DÍAZ', '54903369', '2015-06-22', 'moras369@alu.bue.edu.ar', 2, 5, 1, TRUE),
(415863, 940912, 'LUA', 'SCHWEIZER ', '54186014', '2014-08-17', 'luas014@alu.bue.edu.ar', 2, 5, 1, TRUE),
(439914, 945971, 'ALMENDRA', 'VERA', '54383414', '2014-10-20', 'almendrav414@alu.bue.edu.ar', 2, 5, 4, TRUE),
(735789, 1320047, 'Caterine Nataly', 'Cardozo Guanca', '54243460', '2014-08-02', 'caterinec3460@alu.bue.edu.ar', 4, 5, 1, TRUE),
(769136, 1356286, 'Yesseniya', 'Kamalova', '96476381', '2015-06-24', '', 2, 64, NULL, TRUE),
(607309, 1181615, 'RODRIGO ALONSO', 'ARCEO MARTINEZ', '167315454', '2014-03-06', 'rodrigoa454@alu.bue.edu.ar', 1, 50, 4, TRUE),
(467004, 901849, 'LOLA', 'BERIACHETTO', '54627021', '2015-02-02', 'lolab021@alu.bue.edu.ar', 2, 5, 2, TRUE),
(458987, 910019, 'KIARA', 'DE MARCO EL AKRA', '54702741', '2015-03-23', 'kiarad741@alu.bue.edu.ar', 2, 5, 1, TRUE),
(510899, 1030523, 'EMMA CONSTANZA', 'DIAZ BARONE', '54303644', '2014-10-09', 'emmad644@alu.bue.edu.ar', 2, 5, 1, TRUE),
(570100, 1136266, 'ISABELLA NAHIARA', 'FALCONIER', '54424265', '2014-12-12', 'isabellaf265@alu.bue.edu.ar', 2, 5, 1, TRUE),
(478945, 914520, 'AURORA', 'FOURMENT VILLEGAS', '54893303', '2015-06-12', 'auroraf303@alu.bue.edu.ar', 2, 5, 1, TRUE),
(607346, 1181652, 'AMBAR ESMERALDA', 'FRIAS MORALES', '54190808', '2014-09-04', 'ambarf808@alu.bue.edu.ar', 2, 5, 4, TRUE),
(430944, 914898, 'SURI ', 'FUMERO ABATE', '54382888', '2014-12-04', '', 1, 5, 4, TRUE),
(392263, 915869, 'MAITE HILLARY', 'GARCÍA MONTAÑEZ', '54185525', '2014-09-02', 'maiteg525@alu.bue.edu.ar', 2, 5, 4, TRUE),
(530603, 1089862, 'VICENTE', 'REPOSSI', '54183520', '2014-08-07', 'vicenter520@alu.bue.edu.ar', 1, 5, 1, TRUE),
(452537, 936642, 'MAXIMO ALAN', 'RIVAS', '54630344', '2015-03-12', '', 1, 5, 4, TRUE),
(412063, 936878, 'LEONEL ISMAEL', 'ROBALDO PULIDO', '54624942', '2015-02-12', '', 1, 5, 4, TRUE),
(356925, 109847, 'TOMAS EZEQUIEL ', 'SEQUEIRA', '54185073', '2014-08-21', '', 1, 5, 4, TRUE),
(453578, 942119, 'ROCIO JAZMIN', 'SOSA', '54299868', '2014-09-29', 'rocios9868@alu.bue.edu.ar', 2, 5, 4, TRUE),
(465639, 943879, 'GONZALO AGUSTIN', 'TORRES', '54704068', '2015-04-08', 'gonzalot068@alu.bue.edu.ar', 1, 5, 4, TRUE),
(419055, 944299, 'MIKEILA', 'TRUJILLO PLATA', '96163642', '2015-02-08', 'mikeilat085@alu.bue.edu.ar', 2, 56, 1, TRUE);

INSERT IGNORE INTO asistencias (id_presente, id_alumno, id_seccion, fecha, id_estado, is_jornada_extendida) VALUES 
(289285386, 373712, 152387, '2026-03-30', 1, false),
(289285387, 457973, 152387, '2026-03-30', 1, false),
(289285388, 608683, 152387, '2026-03-30', 1, false),
(289285389, 705021, 152387, '2026-03-30', 1, false),
(289285390, 704271, 152387, '2026-03-30', 1, false),
(289285391, 431989, 152387, '2026-03-30', 1, false),
(289285392, 466211, 152387, '2026-03-30', 1, false),
(289285393, 475494, 152387, '2026-03-30', 1, false),
(289285394, 770885, 152387, '2026-03-30', 1, false),
(289285395, 394846, 152387, '2026-03-30', 2, false),
(289285396, 443782, 152387, '2026-03-30', 1, false),
(289285397, 501733, 152387, '2026-03-30', 2, false),
(289285398, 405192, 152387, '2026-03-30', 1, false),
(289285399, 734174, 152387, '2026-03-30', 2, false),
(289285400, 448839, 152387, '2026-03-30', 1, false),
(289285401, 770315, 152387, '2026-03-30', 1, false),
(289285402, 534454, 152387, '2026-03-30', 1, false),
(289285403, 460779, 152387, '2026-03-30', 1, false),
(289285404, 574902, 152387, '2026-03-30', 1, false),
(289285405, 474076, 152387, '2026-03-30', 1, false),
(289285406, 453479, 152387, '2026-03-30', 1, false),
(289285407, 573089, 152387, '2026-03-30', 2, false),
(289752579, 373712, 152387, '2026-03-31', 1, false),
(289752580, 457973, 152387, '2026-03-31', 1, false),
(289752581, 608683, 152387, '2026-03-31', 1, false),
(289752582, 704271, 152387, '2026-03-31', 1, false),
(289752583, 431989, 152387, '2026-03-31', 1, false),
(289752584, 466211, 152387, '2026-03-31', 1, false),
(289752585, 475494, 152387, '2026-03-31', 1, false),
(289752586, 770885, 152387, '2026-03-31', 1, false),
(289752587, 394846, 152387, '2026-03-31', 1, false),
(289752588, 443782, 152387, '2026-03-31', 1, false),
(289752589, 501733, 152387, '2026-03-31', 1, false),
(289752590, 405192, 152387, '2026-03-31', 1, false),
(289752591, 734174, 152387, '2026-03-31', 2, false),
(289752592, 448839, 152387, '2026-03-31', 1, false),
(289752593, 770315, 152387, '2026-03-31', 1, false),
(289752594, 534454, 152387, '2026-03-31', 1, false),
(289752595, 460779, 152387, '2026-03-31', 1, false),
(289752596, 574902, 152387, '2026-03-31', 2, false),
(289752597, 474076, 152387, '2026-03-31', 1, false),
(289752598, 453479, 152387, '2026-03-31', 1, false),
(289752599, 705021, 152387, '2026-03-31', 2, false),
(289752600, 573089, 152387, '2026-03-31', 2, false),
(290072314, 608683, 152387, '2026-04-06', 2, false),
(290072315, 705021, 152387, '2026-04-06', 1, false),
(290072316, 573089, 152387, '2026-04-06', 2, false),
(290072317, 704271, 152387, '2026-04-06', 6, false),
(290072318, 431989, 152387, '2026-04-06', 2, false),
(290072319, 466211, 152387, '2026-04-06', 1, false),
(290072320, 475494, 152387, '2026-04-06', 1, false),
(290072321, 770885, 152387, '2026-04-06', 1, false),
(290072322, 394846, 152387, '2026-04-06', 2, false),
(290072323, 443782, 152387, '2026-04-06', 1, false),
(290072324, 501733, 152387, '2026-04-06', 2, false),
(290072325, 405192, 152387, '2026-04-06', 1, false),
(290072326, 734174, 152387, '2026-04-06', 2, false),
(290072327, 448839, 152387, '2026-04-06', 1, false),
(290072328, 770315, 152387, '2026-04-06', 2, false),
(290072329, 534454, 152387, '2026-04-06', 1, false),
(290072330, 460779, 152387, '2026-04-06', 1, false),
(290072331, 574902, 152387, '2026-04-06', 2, false),
(290072332, 474076, 152387, '2026-04-06', 2, false),
(290072333, 453479, 152387, '2026-04-06', 2, false),
(290072334, 373712, 152387, '2026-04-06', 2, false),
(290072335, 457973, 152387, '2026-04-06', 2, false),
(290977567, 457973, 152387, '2026-04-07', 1, false),
(290977568, 608683, 152387, '2026-04-07', 1, false),
(290977569, 705021, 152387, '2026-04-07', 1, false),
(290977570, 573089, 152387, '2026-04-07', 2, false),
(290977571, 704271, 152387, '2026-04-07', 1, false),
(290977572, 431989, 152387, '2026-04-07', 1, false),
(290977573, 466211, 152387, '2026-04-07', 1, false),
(290977574, 475494, 152387, '2026-04-07', 1, false),
(290977575, 770885, 152387, '2026-04-07', 1, false),
(290977576, 443782, 152387, '2026-04-07', 1, false),
(290977577, 501733, 152387, '2026-04-07', 1, false),
(290977578, 405192, 152387, '2026-04-07', 1, false),
(290977579, 448839, 152387, '2026-04-07', 1, false),
(290977580, 770315, 152387, '2026-04-07', 1, false),
(290977581, 460779, 152387, '2026-04-07', 1, false),
(290977582, 574902, 152387, '2026-04-07', 1, false),
(290977583, 474076, 152387, '2026-04-07', 1, false),
(290977584, 453479, 152387, '2026-04-07', 1, false),
(290977585, 457973, 152387, '2026-04-08', 1, false),
(290977586, 608683, 152387, '2026-04-08', 1, false),
(290977587, 705021, 152387, '2026-04-08', 1, false),
(290977588, 573089, 152387, '2026-04-08', 2, false),
(290977589, 704271, 152387, '2026-04-08', 1, false),
(290977590, 431989, 152387, '2026-04-08', 1, false),
(290977591, 466211, 152387, '2026-04-08', 1, false),
(290977592, 475494, 152387, '2026-04-08', 1, false),
(290977593, 770885, 152387, '2026-04-08', 1, false),
(290977594, 443782, 152387, '2026-04-08', 1, false),
(290977595, 501733, 152387, '2026-04-08', 1, false),
(290977596, 405192, 152387, '2026-04-08', 1, false),
(290977597, 448839, 152387, '2026-04-08', 1, false),
(290977598, 770315, 152387, '2026-04-08', 1, false),
(290977599, 534454, 152387, '2026-04-08', 1, false),
(290977600, 460779, 152387, '2026-04-08', 1, false),
(290977601, 574902, 152387, '2026-04-08', 1, false),
(290977602, 474076, 152387, '2026-04-08', 1, false),
(290977603, 453479, 152387, '2026-04-08', 1, false),
(290977604, 373712, 152387, '2026-04-07', 2, false),
(290977605, 373712, 152387, '2026-04-08', 2, false),
(290977606, 394846, 152387, '2026-04-07', 2, false),
(290977607, 394846, 152387, '2026-04-08', 2, false),
(290977608, 734174, 152387, '2026-04-07', 2, false),
(290977609, 734174, 152387, '2026-04-08', 2, false),
(290977610, 534454, 152387, '2026-04-07', 2, false),
(291306560, 373712, 152387, '2026-04-09', 1, false),
(291306561, 457973, 152387, '2026-04-09', 1, false),
(291306562, 608683, 152387, '2026-04-09', 7, false),
(291306563, 705021, 152387, '2026-04-09', 1, false),
(291306564, 573089, 152387, '2026-04-09', 2, false),
(291306565, 704271, 152387, '2026-04-09', 1, false),
(291306566, 431989, 152387, '2026-04-09', 1, false),
(291306567, 466211, 152387, '2026-04-09', 1, false),
(291306568, 475494, 152387, '2026-04-09', 1, false),
(291306569, 770885, 152387, '2026-04-09', 1, false),
(291306570, 394846, 152387, '2026-04-09', 2, false),
(291306571, 443782, 152387, '2026-04-09', 1, false),
(291306572, 501733, 152387, '2026-04-09', 1, false),
(291306573, 405192, 152387, '2026-04-09', 1, false),
(291306574, 734174, 152387, '2026-04-09', 2, false),
(291306575, 448839, 152387, '2026-04-09', 7, false),
(291306576, 770315, 152387, '2026-04-09', 2, false),
(291306577, 534454, 152387, '2026-04-09', 1, false),
(291306578, 460779, 152387, '2026-04-09', 1, false),
(291306579, 574902, 152387, '2026-04-09', 1, false),
(291306580, 474076, 152387, '2026-04-09', 1, false),
(291306581, 453479, 152387, '2026-04-09', 1, false),
(291625493, 373712, 152387, '2026-04-10', 1, false),
(291625494, 457973, 152387, '2026-04-10', 1, false),
(291625495, 608683, 152387, '2026-04-10', 1, false),
(291625496, 705021, 152387, '2026-04-10', 1, false),
(291625497, 704271, 152387, '2026-04-10', 1, false),
(291625498, 431989, 152387, '2026-04-10', 1, false),
(291625499, 466211, 152387, '2026-04-10', 1, false),
(291625500, 475494, 152387, '2026-04-10', 1, false),
(291625501, 770885, 152387, '2026-04-10', 1, false),
(291625502, 394846, 152387, '2026-04-10', 2, false),
(291625503, 443782, 152387, '2026-04-10', 1, false),
(291625504, 501733, 152387, '2026-04-10', 1, false),
(291625505, 405192, 152387, '2026-04-10', 1, false),
(291625506, 448839, 152387, '2026-04-10', 1, false),
(291625507, 770315, 152387, '2026-04-10', 1, false),
(291625508, 534454, 152387, '2026-04-10', 1, false),
(291625509, 460779, 152387, '2026-04-10', 1, false),
(291625510, 574902, 152387, '2026-04-10', 1, false),
(291625511, 474076, 152387, '2026-04-10', 1, false),
(291625512, 453479, 152387, '2026-04-10', 1, false),
(291625513, 573089, 152387, '2026-04-10', 2, false),
(291625514, 734174, 152387, '2026-04-10', 2, false),
(291703176, 373712, 152387, '2026-04-13', 2, false),
(291703177, 457973, 152387, '2026-04-13', 1, false),
(291703178, 608683, 152387, '2026-04-13', 1, false),
(291703179, 705021, 152387, '2026-04-13', 1, false),
(291703180, 573089, 152387, '2026-04-13', 2, false),
(291703181, 704271, 152387, '2026-04-13', 1, false),
(291703182, 431989, 152387, '2026-04-13', 1, false),
(291703183, 466211, 152387, '2026-04-13', 1, false),
(291703184, 475494, 152387, '2026-04-13', 1, false),
(291703185, 770885, 152387, '2026-04-13', 1, false),
(291703186, 394846, 152387, '2026-04-13', 2, false),
(291703187, 443782, 152387, '2026-04-13', 1, false),
(291703188, 501733, 152387, '2026-04-13', 1, false),
(291703189, 405192, 152387, '2026-04-13', 1, false),
(291703190, 734174, 152387, '2026-04-13', 2, false),
(291703191, 448839, 152387, '2026-04-13', 1, false),
(291703192, 770315, 152387, '2026-04-13', 1, false),
(291703193, 534454, 152387, '2026-04-13', 1, false),
(291703194, 460779, 152387, '2026-04-13', 1, false),
(291703195, 574902, 152387, '2026-04-13', 1, false),
(291703196, 474076, 152387, '2026-04-13', 1, false),
(291703197, 453479, 152387, '2026-04-13', 1, false),
(291889181, 770156, 152387, '2026-04-13', 2, false),
(292533546, 373712, 152387, '2026-04-15', 1, false),
(292533547, 457973, 152387, '2026-04-15', 1, false),
(292533548, 608683, 152387, '2026-04-15', 1, false),
(292533549, 705021, 152387, '2026-04-15', 1, false),
(292533550, 704271, 152387, '2026-04-15', 1, false),
(292533551, 431989, 152387, '2026-04-15', 1, false),
(292533552, 466211, 152387, '2026-04-15', 1, false),
(292533553, 475494, 152387, '2026-04-15', 1, false),
(292533554, 770885, 152387, '2026-04-15', 1, false),
(292533555, 394846, 152387, '2026-04-15', 2, false),
(292533556, 443782, 152387, '2026-04-15', 2, false),
(292533557, 501733, 152387, '2026-04-15', 2, false),
(292533558, 405192, 152387, '2026-04-15', 1, false),
(292533559, 734174, 152387, '2026-04-15', 2, false),
(292533560, 448839, 152387, '2026-04-15', 1, false),
(292533561, 770315, 152387, '2026-04-15', 1, false),
(292533562, 534454, 152387, '2026-04-15', 1, false),
(292533563, 460779, 152387, '2026-04-15', 1, false),
(292533564, 574902, 152387, '2026-04-15', 2, false),
(292533565, 474076, 152387, '2026-04-15', 1, false),
(292533566, 453479, 152387, '2026-04-15', 1, false),
(292533567, 373712, 152387, '2026-04-14', 1, false),
(292533568, 457973, 152387, '2026-04-14', 1, false),
(292533569, 608683, 152387, '2026-04-14', 1, false),
(292533570, 705021, 152387, '2026-04-14', 1, false),
(292533571, 704271, 152387, '2026-04-14', 1, false),
(292533572, 431989, 152387, '2026-04-14', 1, false),
(292533573, 466211, 152387, '2026-04-14', 1, false),
(292533574, 475494, 152387, '2026-04-14', 1, false),
(292533575, 770885, 152387, '2026-04-14', 1, false),
(292533576, 394846, 152387, '2026-04-14', 2, false),
(292533577, 443782, 152387, '2026-04-14', 1, false),
(292533578, 501733, 152387, '2026-04-14', 1, false),
(292533579, 405192, 152387, '2026-04-14', 1, false),
(292533580, 734174, 152387, '2026-04-14', 2, false),
(292533581, 448839, 152387, '2026-04-14', 1, false),
(292533582, 770315, 152387, '2026-04-14', 1, false),
(292533583, 534454, 152387, '2026-04-14', 1, false),
(292533584, 460779, 152387, '2026-04-14', 1, false),
(292533585, 574902, 152387, '2026-04-14', 1, false),
(292533586, 474076, 152387, '2026-04-14', 1, false),
(292533587, 453479, 152387, '2026-04-14', 1, false),
(292533588, 770156, 152387, '2026-04-14', 2, false),
(292533589, 770156, 152387, '2026-04-15', 2, false),
(292533590, 573089, 152387, '2026-04-14', 2, false),
(292533591, 573089, 152387, '2026-04-15', 2, false),
(292672534, 373712, 152387, '2026-04-16', 1, false),
(292672535, 457973, 152387, '2026-04-16', 1, false),
(292672536, 608683, 152387, '2026-04-16', 7, false),
(292672537, 705021, 152387, '2026-04-16', 1, false),
(292672538, 573089, 152387, '2026-04-16', 2, false),
(292672539, 704271, 152387, '2026-04-16', 1, false),
(292672540, 431989, 152387, '2026-04-16', 1, false),
(292672541, 466211, 152387, '2026-04-16', 1, false),
(292672542, 475494, 152387, '2026-04-16', 1, false),
(292672543, 770885, 152387, '2026-04-16', 1, false),
(292672544, 394846, 152387, '2026-04-16', 2, false),
(292672545, 443782, 152387, '2026-04-16', 1, false),
(292672546, 501733, 152387, '2026-04-16', 1, false),
(292672547, 405192, 152387, '2026-04-16', 1, false),
(292672548, 734174, 152387, '2026-04-16', 2, false),
(292672549, 448839, 152387, '2026-04-16', 1, false),
(292672550, 770315, 152387, '2026-04-16', 1, false),
(292672551, 534454, 152387, '2026-04-16', 1, false),
(292672552, 460779, 152387, '2026-04-16', 1, false),
(292672553, 574902, 152387, '2026-04-16', 2, false),
(292672554, 474076, 152387, '2026-04-16', 1, false),
(292672555, 453479, 152387, '2026-04-16', 1, false),
(292672556, 770156, 152387, '2026-04-16', 2, false),
(295197234, 457973, 152387, '2026-04-17', 1, false),
(295197235, 608683, 152387, '2026-04-17', 1, false),
(295197236, 705021, 152387, '2026-04-17', 1, false),
(295197237, 704271, 152387, '2026-04-17', 1, false),
(295197238, 431989, 152387, '2026-04-17', 1, false),
(295197239, 466211, 152387, '2026-04-17', 1, false),
(295197240, 475494, 152387, '2026-04-17', 1, false),
(295197241, 770885, 152387, '2026-04-17', 1, false),
(295197242, 443782, 152387, '2026-04-17', 1, false),
(295197243, 405192, 152387, '2026-04-17', 1, false),
(295197244, 448839, 152387, '2026-04-17', 1, false),
(295197245, 770315, 152387, '2026-04-17', 1, false),
(295197246, 534454, 152387, '2026-04-17', 1, false),
(295197247, 460779, 152387, '2026-04-17', 1, false),
(295197248, 412813, 152387, '2026-04-17', 1, false),
(295197249, 474076, 152387, '2026-04-17', 1, false),
(295197250, 453479, 152387, '2026-04-17', 1, false),
(295197251, 373712, 152387, '2026-04-17', 2, false),
(295197252, 573089, 152387, '2026-04-17', 2, false),
(295197253, 394846, 152387, '2026-04-17', 2, false),
(295197254, 501733, 152387, '2026-04-17', 2, false),
(295197255, 734174, 152387, '2026-04-17', 2, false),
(295197256, 412813, 152387, '2026-04-16', 1, false),
(295197257, 412813, 152387, '2026-04-15', 1, false),
(295197258, 412813, 152387, '2026-04-14', 1, false),
(295197259, 412813, 152387, '2026-04-13', 1, false),
(295197260, 574902, 152387, '2026-04-17', 2, false),
(293421759, 373712, 152387, '2026-04-20', 1, false),
(293421760, 457973, 152387, '2026-04-20', 1, false),
(293421761, 770156, 152387, '2026-04-20', 2, false),
(293421762, 608683, 152387, '2026-04-20', 1, false),
(293421763, 705021, 152387, '2026-04-20', 1, false),
(293421764, 573089, 152387, '2026-04-20', 2, false),
(293421765, 704271, 152387, '2026-04-20', 1, false),
(293421766, 431989, 152387, '2026-04-20', 6, false),
(293421767, 466211, 152387, '2026-04-20', 1, false),
(293421768, 475494, 152387, '2026-04-20', 1, false),
(293421769, 770885, 152387, '2026-04-20', 2, false),
(293421770, 394846, 152387, '2026-04-20', 2, false),
(293421771, 443782, 152387, '2026-04-20', 1, false),
(293421772, 501733, 152387, '2026-04-20', 1, false),
(293421773, 405192, 152387, '2026-04-20', 1, false),
(293421774, 734174, 152387, '2026-04-20', 2, false),
(293421775, 448839, 152387, '2026-04-20', 1, false),
(293421776, 770315, 152387, '2026-04-20', 7, false),
(293421777, 534454, 152387, '2026-04-20', 2, false),
(293421778, 460779, 152387, '2026-04-20', 1, false),
(293421779, 574902, 152387, '2026-04-20', 1, false),
(293421780, 412813, 152387, '2026-04-20', 1, false),
(293421781, 474076, 152387, '2026-04-20', 1, false),
(293421782, 453479, 152387, '2026-04-20', 1, false),
(293922639, 373712, 152387, '2026-04-21', 1, false),
(293922640, 457973, 152387, '2026-04-21', 2, false),
(293922641, 770156, 152387, '2026-04-21', 2, false),
(293922642, 608683, 152387, '2026-04-21', 1, false),
(293922643, 705021, 152387, '2026-04-21', 1, false),
(293922644, 573089, 152387, '2026-04-21', 2, false),
(293922645, 704271, 152387, '2026-04-21', 1, false),
(293922646, 431989, 152387, '2026-04-21', 1, false),
(293922647, 466211, 152387, '2026-04-21', 1, false),
(293922648, 475494, 152387, '2026-04-21', 1, false),
(293922649, 770885, 152387, '2026-04-21', 1, false),
(293922650, 394846, 152387, '2026-04-21', 2, false),
(293922651, 443782, 152387, '2026-04-21', 1, false),
(293922652, 501733, 152387, '2026-04-21', 1, false),
(293922653, 405192, 152387, '2026-04-21', 1, false),
(293922654, 734174, 152387, '2026-04-21', 2, false),
(293922655, 448839, 152387, '2026-04-21', 1, false),
(293922656, 770315, 152387, '2026-04-21', 1, false),
(293922657, 534454, 152387, '2026-04-21', 1, false),
(293922658, 460779, 152387, '2026-04-21', 1, false),
(293922659, 574902, 152387, '2026-04-21', 1, false),
(293922660, 412813, 152387, '2026-04-21', 2, false),
(293922661, 474076, 152387, '2026-04-21', 1, false),
(293922662, 453479, 152387, '2026-04-21', 2, false),
(294317044, 373712, 152387, '2026-04-22', 1, false),
(294317045, 457973, 152387, '2026-04-22', 1, false),
(294317046, 705021, 152387, '2026-04-22', 1, false),
(294317047, 704271, 152387, '2026-04-22', 1, false),
(294317048, 466211, 152387, '2026-04-22', 1, false),
(294317049, 475494, 152387, '2026-04-22', 1, false),
(294317050, 443782, 152387, '2026-04-22', 1, false),
(294317051, 501733, 152387, '2026-04-22', 1, false),
(294317052, 405192, 152387, '2026-04-22', 1, false),
(294317053, 448839, 152387, '2026-04-22', 1, false),
(294317054, 534454, 152387, '2026-04-22', 1, false),
(294317055, 474076, 152387, '2026-04-22', 1, false),
(294317056, 453479, 152387, '2026-04-22', 1, false),
(294317057, 770156, 152387, '2026-04-22', 2, false),
(294317058, 608683, 152387, '2026-04-22', 2, false),
(294317059, 573089, 152387, '2026-04-22', 2, false),
(294317060, 431989, 152387, '2026-04-22', 6, false),
(294317061, 770885, 152387, '2026-04-22', 2, false),
(294317062, 394846, 152387, '2026-04-22', 2, false),
(294317063, 734174, 152387, '2026-04-22', 2, false),
(294317064, 770315, 152387, '2026-04-22', 2, false),
(294317065, 460779, 152387, '2026-04-22', 2, false),
(294317066, 412813, 152387, '2026-04-22', 2, false),
(294317067, 574902, 152387, '2026-04-22', 2, false),
(294544738, 373712, 152387, '2026-04-23', 1, false),
(294544739, 457973, 152387, '2026-04-23', 1, false),
(294544740, 608683, 152387, '2026-04-23', 7, false),
(294544741, 705021, 152387, '2026-04-23', 1, false),
(294544742, 573089, 152387, '2026-04-23', 2, false),
(294544743, 704271, 152387, '2026-04-23', 1, false),
(294544744, 431989, 152387, '2026-04-23', 1, false),
(294544745, 466211, 152387, '2026-04-23', 1, false),
(294544746, 475494, 152387, '2026-04-23', 1, false),
(294544747, 770885, 152387, '2026-04-23', 2, false),
(294544748, 394846, 152387, '2026-04-23', 2, false),
(294544749, 443782, 152387, '2026-04-23', 1, false),
(294544750, 501733, 152387, '2026-04-23', 1, false),
(294544751, 405192, 152387, '2026-04-23', 2, false),
(294544752, 734174, 152387, '2026-04-23', 2, false),
(294544753, 448839, 152387, '2026-04-23', 1, false),
(294544754, 770315, 152387, '2026-04-23', 2, false),
(294544755, 534454, 152387, '2026-04-23', 1, false),
(294544756, 460779, 152387, '2026-04-23', 1, false),
(294544757, 574902, 152387, '2026-04-23', 2, false),
(294544758, 412813, 152387, '2026-04-23', 1, false),
(294544759, 474076, 152387, '2026-04-23', 1, false),
(294544760, 453479, 152387, '2026-04-23', 1, false),
(294544761, 770156, 152387, '2026-04-23', 2, false),
(295096968, 373712, 152387, '2026-04-24', 1, false),
(295096969, 457973, 152387, '2026-04-24', 1, false),
(295096970, 608683, 152387, '2026-04-24', 1, false),
(295096971, 705021, 152387, '2026-04-24', 2, false),
(295096972, 573089, 152387, '2026-04-24', 1, false),
(295096973, 704271, 152387, '2026-04-24', 1, false),
(295096974, 431989, 152387, '2026-04-24', 6, false),
(295096975, 466211, 152387, '2026-04-24', 1, false),
(295096976, 475494, 152387, '2026-04-24', 1, false),
(295096977, 770885, 152387, '2026-04-24', 2, false),
(295096978, 394846, 152387, '2026-04-24', 2, false),
(295096979, 443782, 152387, '2026-04-24', 6, false),
(295096980, 501733, 152387, '2026-04-24', 1, false),
(295096981, 405192, 152387, '2026-04-24', 1, false),
(295096982, 734174, 152387, '2026-04-24', 2, false),
(295096983, 448839, 152387, '2026-04-24', 1, false),
(295096984, 770315, 152387, '2026-04-24', 1, false),
(295096985, 534454, 152387, '2026-04-24', 1, false),
(295096986, 460779, 152387, '2026-04-24', 1, false),
(295096987, 574902, 152387, '2026-04-24', 2, false),
(295096988, 412813, 152387, '2026-04-24', 2, false),
(295096989, 474076, 152387, '2026-04-24', 1, false),
(295096990, 453479, 152387, '2026-04-24', 1, false),
(295096991, 770156, 152387, '2026-04-24', 2, false),
(295604700, 373712, 152387, '2026-04-27', 1, false),
(295604701, 457973, 152387, '2026-04-27', 1, false),
(295604702, 608683, 152387, '2026-04-27', 1, false),
(295604703, 705021, 152387, '2026-04-27', 1, false),
(295604704, 704271, 152387, '2026-04-27', 1, false),
(295604705, 431989, 152387, '2026-04-27', 1, false),
(295604706, 475494, 152387, '2026-04-27', 1, false),
(295604707, 770885, 152387, '2026-04-27', 1, false),
(295604708, 443782, 152387, '2026-04-27', 1, false),
(295604709, 405192, 152387, '2026-04-27', 1, false),
(295604710, 448839, 152387, '2026-04-27', 1, false),
(295604711, 770315, 152387, '2026-04-27', 1, false),
(295604712, 534454, 152387, '2026-04-27', 1, false),
(295604713, 460779, 152387, '2026-04-27', 1, false),
(295604714, 574902, 152387, '2026-04-27', 1, false),
(295604715, 412813, 152387, '2026-04-27', 1, false),
(295604716, 474076, 152387, '2026-04-27', 1, false),
(295604717, 453479, 152387, '2026-04-27', 1, false),
(295604718, 770156, 152387, '2026-04-27', 2, false),
(295604719, 573089, 152387, '2026-04-27', 2, false),
(295604720, 394846, 152387, '2026-04-27', 2, false),
(295604721, 734174, 152387, '2026-04-27', 2, false),
(295604722, 466211, 152387, '2026-04-27', 2, false),
(295604723, 501733, 152387, '2026-04-27', 2, false),
(295883674, 373712, 152387, '2026-04-29', 1, false),
(295883675, 457973, 152387, '2026-04-29', 1, false),
(295883676, 705021, 152387, '2026-04-29', 1, false),
(295883677, 704271, 152387, '2026-04-29', 1, false),
(295883678, 431989, 152387, '2026-04-29', 1, false),
(295883679, 466211, 152387, '2026-04-29', 1, false),
(295883680, 475494, 152387, '2026-04-29', 1, false),
(295883681, 770885, 152387, '2026-04-29', 1, false),
(295883682, 443782, 152387, '2026-04-29', 1, false),
(295883683, 501733, 152387, '2026-04-29', 1, false),
(295883684, 405192, 152387, '2026-04-29', 1, false),
(295883685, 734174, 152387, '2026-04-29', 2, false),
(295883686, 448839, 152387, '2026-04-29', 1, false),
(295883687, 770315, 152387, '2026-04-29', 1, false),
(295883688, 534454, 152387, '2026-04-29', 2, false),
(295883689, 460779, 152387, '2026-04-29', 1, false),
(295883690, 574902, 152387, '2026-04-29', 2, false),
(295883691, 412813, 152387, '2026-04-29', 1, false),
(295883692, 474076, 152387, '2026-04-29', 1, false),
(295883693, 453479, 152387, '2026-04-29', 1, false),
(295883694, 373712, 152387, '2026-04-28', 1, false),
(295883695, 457973, 152387, '2026-04-28', 1, false),
(295883696, 608683, 152387, '2026-04-28', 1, false),
(295883697, 705021, 152387, '2026-04-28', 1, false),
(295883698, 704271, 152387, '2026-04-28', 1, false),
(295883699, 431989, 152387, '2026-04-28', 1, false),
(295883700, 475494, 152387, '2026-04-28', 1, false),
(295883701, 770885, 152387, '2026-04-28', 1, false),
(295883702, 443782, 152387, '2026-04-28', 1, false),
(295883703, 501733, 152387, '2026-04-28', 1, false),
(295883704, 405192, 152387, '2026-04-28', 1, false),
(295883705, 734174, 152387, '2026-04-28', 2, false),
(295883706, 448839, 152387, '2026-04-28', 1, false),
(295883707, 770315, 152387, '2026-04-28', 1, false),
(295883708, 534454, 152387, '2026-04-28', 1, false),
(295883709, 460779, 152387, '2026-04-28', 1, false),
(295883710, 574902, 152387, '2026-04-28', 1, false),
(295883711, 412813, 152387, '2026-04-28', 1, false),
(295883712, 474076, 152387, '2026-04-28', 1, false),
(295883713, 453479, 152387, '2026-04-28', 1, false),
(295883714, 770156, 152387, '2026-04-28', 2, false),
(295883715, 770156, 152387, '2026-04-29', 2, false),
(295883716, 608683, 152387, '2026-04-29', 6, false),
(295883717, 573089, 152387, '2026-04-28', 2, false),
(295883718, 573089, 152387, '2026-04-29', 2, false),
(295883719, 466211, 152387, '2026-04-28', 2, false),
(295883720, 394846, 152387, '2026-04-28', 2, false),
(295883721, 394846, 152387, '2026-04-29', 2, false),
(296632991, 373712, 152387, '2026-04-30', 1, false),
(296632992, 457973, 152387, '2026-04-30', 1, false),
(296632993, 608683, 152387, '2026-04-30', 1, false),
(296632994, 705021, 152387, '2026-04-30', 1, false),
(296632995, 573089, 152387, '2026-04-30', 2, false),
(296632996, 704271, 152387, '2026-04-30', 1, false),
(296632997, 431989, 152387, '2026-04-30', 1, false),
(296632998, 466211, 152387, '2026-04-30', 1, false),
(296632999, 475494, 152387, '2026-04-30', 1, false),
(296633000, 770885, 152387, '2026-04-30', 1, false),
(296633001, 394846, 152387, '2026-04-30', 2, false),
(296633002, 443782, 152387, '2026-04-30', 2, false),
(296633003, 770156, 152387, '2026-04-30', 1, false),
(296633004, 501733, 152387, '2026-04-30', 2, false),
(296633005, 405192, 152387, '2026-04-30', 1, false),
(296633006, 734174, 152387, '2026-04-30', 2, false),
(296633007, 448839, 152387, '2026-04-30', 1, false),
(296633008, 770315, 152387, '2026-04-30', 1, false),
(296633009, 534454, 152387, '2026-04-30', 1, false),
(296633010, 460779, 152387, '2026-04-30', 1, false),
(296633011, 574902, 152387, '2026-04-30', 2, false),
(296633012, 412813, 152387, '2026-04-30', 1, false),
(296633013, 474076, 152387, '2026-04-30', 1, false),
(296633014, 453479, 152387, '2026-04-30', 1, false),
(289753823, 570904, 152388, '2026-03-30', 1, false),
(289753824, 457886, 152388, '2026-03-30', 1, false),
(289753825, 379184, 152388, '2026-03-30', 1, false),
(289753826, 467877, 152388, '2026-03-30', 1, false),
(289753827, 426780, 152388, '2026-03-30', 1, false),
(289753828, 386712, 152388, '2026-03-30', 1, false),
(289753829, 452978, 152388, '2026-03-30', 1, false),
(289753830, 451687, 152388, '2026-03-30', 1, false),
(289753831, 394494, 152388, '2026-03-30', 1, false),
(289753832, 429422, 152388, '2026-03-30', 1, false),
(289753833, 403111, 152388, '2026-03-30', 1, false);

INSERT IGNORE INTO asistencias (id_presente, id_alumno, id_seccion, fecha, id_estado, is_jornada_extendida) VALUES 
(289753834, 407080, 152388, '2026-03-30', 1, false),
(289753835, 432927, 152388, '2026-03-30', 1, false),
(289753836, 453409, 152388, '2026-03-30', 1, false),
(289753837, 439011, 152388, '2026-03-30', 2, false),
(289753838, 413864, 152388, '2026-03-30', 1, false),
(289753839, 454046, 152388, '2026-03-30', 1, false),
(289753840, 414593, 152388, '2026-03-30', 1, false),
(289753841, 414626, 152388, '2026-03-30', 1, false),
(289753842, 450976, 152388, '2026-03-30', 1, false),
(289753843, 481787, 152388, '2026-03-30', 1, false),
(289753844, 420638, 152388, '2026-03-30', 1, false),
(289753845, 420906, 152388, '2026-03-30', 1, false),
(289753846, 422372, 152388, '2026-03-30', 1, false),
(289753847, 377793, 152388, '2026-03-30', 2, false),
(289753848, 468789, 152388, '2026-03-30', 2, false),
(289753849, 17329, 152388, '2026-03-30', 2, false),
(289753850, 435578, 152388, '2026-03-30', 2, false),
(290065151, 377793, 152388, '2026-03-31', 1, false),
(290065152, 570904, 152388, '2026-03-31', 1, false),
(290065153, 457886, 152388, '2026-03-31', 1, false),
(290065154, 379184, 152388, '2026-03-31', 1, false),
(290065155, 467877, 152388, '2026-03-31', 1, false),
(290065156, 426780, 152388, '2026-03-31', 1, false),
(290065157, 386712, 152388, '2026-03-31', 1, false),
(290065158, 468789, 152388, '2026-03-31', 1, false),
(290065159, 452978, 152388, '2026-03-31', 1, false),
(290065160, 451687, 152388, '2026-03-31', 1, false),
(290065161, 394494, 152388, '2026-03-31', 1, false),
(290065162, 429422, 152388, '2026-03-31', 1, false),
(290065163, 17329, 152388, '2026-03-31', 1, false),
(290065164, 435578, 152388, '2026-03-31', 1, false),
(290065165, 403111, 152388, '2026-03-31', 1, false),
(290065166, 407080, 152388, '2026-03-31', 1, false),
(290065167, 432927, 152388, '2026-03-31', 1, false),
(290065168, 453409, 152388, '2026-03-31', 1, false),
(290065169, 439011, 152388, '2026-03-31', 1, false),
(290065170, 413864, 152388, '2026-03-31', 1, false),
(290065171, 454046, 152388, '2026-03-31', 1, false),
(290065172, 414593, 152388, '2026-03-31', 1, false),
(290065173, 414626, 152388, '2026-03-31', 1, false),
(290065174, 450976, 152388, '2026-03-31', 1, false),
(290065175, 481787, 152388, '2026-03-31', 1, false),
(290065176, 420638, 152388, '2026-03-31', 1, false),
(290065177, 420906, 152388, '2026-03-31', 1, false),
(290065178, 422372, 152388, '2026-03-31', 1, false),
(290065219, 377793, 152388, '2026-04-01', 1, false),
(290065220, 570904, 152388, '2026-04-01', 1, false),
(290065221, 457886, 152388, '2026-04-01', 1, false),
(290065222, 379184, 152388, '2026-04-01', 1, false),
(290065223, 467877, 152388, '2026-04-01', 1, false),
(290065224, 426780, 152388, '2026-04-01', 1, false),
(290065225, 386712, 152388, '2026-04-01', 1, false),
(290065226, 468789, 152388, '2026-04-01', 1, false),
(290065227, 452978, 152388, '2026-04-01', 1, false),
(290065228, 451687, 152388, '2026-04-01', 1, false),
(290065229, 394494, 152388, '2026-04-01', 1, false),
(290065230, 429422, 152388, '2026-04-01', 1, false),
(290065231, 17329, 152388, '2026-04-01', 2, false),
(290065232, 435578, 152388, '2026-04-01', 1, false),
(290065233, 403111, 152388, '2026-04-01', 1, false),
(290065234, 407080, 152388, '2026-04-01', 1, false),
(290065235, 432927, 152388, '2026-04-01', 1, false),
(290065236, 453409, 152388, '2026-04-01', 1, false),
(290065237, 439011, 152388, '2026-04-01', 1, false),
(290065238, 413864, 152388, '2026-04-01', 1, false),
(290065239, 454046, 152388, '2026-04-01', 1, false),
(290065240, 414593, 152388, '2026-04-01', 1, false),
(290065241, 414626, 152388, '2026-04-01', 1, false),
(290065242, 450976, 152388, '2026-04-01', 2, false),
(290065243, 481787, 152388, '2026-04-01', 1, false),
(290065244, 420638, 152388, '2026-04-01', 1, false),
(290065245, 420906, 152388, '2026-04-01', 1, false),
(290065246, 422372, 152388, '2026-04-01', 1, false),
(290131074, 377793, 152388, '2026-04-06', 1, false),
(290131075, 570904, 152388, '2026-04-06', 1, false),
(290131076, 457886, 152388, '2026-04-06', 1, false),
(290131077, 379184, 152388, '2026-04-06', 1, false),
(290131078, 467877, 152388, '2026-04-06', 1, false),
(290131079, 426780, 152388, '2026-04-06', 2, false),
(290131080, 386712, 152388, '2026-04-06', 1, false),
(290131081, 468789, 152388, '2026-04-06', 2, false),
(290131082, 452978, 152388, '2026-04-06', 2, false),
(290131083, 451687, 152388, '2026-04-06', 2, false),
(290131084, 394494, 152388, '2026-04-06', 1, false),
(290131085, 429422, 152388, '2026-04-06', 2, false),
(290131086, 17329, 152388, '2026-04-06', 2, false),
(290131087, 435578, 152388, '2026-04-06', 2, false),
(290131088, 403111, 152388, '2026-04-06', 1, false),
(290131089, 407080, 152388, '2026-04-06', 2, false),
(290131090, 432927, 152388, '2026-04-06', 1, false),
(290131091, 453409, 152388, '2026-04-06', 1, false),
(290131092, 439011, 152388, '2026-04-06', 1, false),
(290131093, 413864, 152388, '2026-04-06', 1, false),
(290131094, 454046, 152388, '2026-04-06', 1, false),
(290131095, 414593, 152388, '2026-04-06', 1, false),
(290131096, 414626, 152388, '2026-04-06', 1, false),
(290131097, 450976, 152388, '2026-04-06', 2, false),
(290131098, 481787, 152388, '2026-04-06', 1, false),
(290131099, 420638, 152388, '2026-04-06', 1, false),
(290131100, 420906, 152388, '2026-04-06', 1, false),
(290131101, 422372, 152388, '2026-04-06', 1, false),
(290405683, 377793, 152388, '2026-04-07', 1, false),
(290405684, 570904, 152388, '2026-04-07', 1, false),
(290405685, 457886, 152388, '2026-04-07', 1, false),
(290405686, 379184, 152388, '2026-04-07', 1, false),
(290405687, 467877, 152388, '2026-04-07', 1, false),
(290405688, 386712, 152388, '2026-04-07', 1, false),
(290405689, 468789, 152388, '2026-04-07', 1, false),
(290405690, 452978, 152388, '2026-04-07', 1, false),
(290405691, 451687, 152388, '2026-04-07', 1, false),
(290405692, 394494, 152388, '2026-04-07', 1, false),
(290405693, 429422, 152388, '2026-04-07', 2, false),
(290405694, 17329, 152388, '2026-04-07', 1, false),
(290405695, 435578, 152388, '2026-04-07', 1, false),
(290405696, 403111, 152388, '2026-04-07', 1, false),
(290405697, 407080, 152388, '2026-04-07', 1, false),
(290405698, 432927, 152388, '2026-04-07', 1, false),
(290405699, 453409, 152388, '2026-04-07', 1, false),
(290405700, 439011, 152388, '2026-04-07', 1, false),
(290405701, 413864, 152388, '2026-04-07', 1, false),
(290405702, 454046, 152388, '2026-04-07', 1, false),
(290405703, 414593, 152388, '2026-04-07', 2, false),
(290405704, 414626, 152388, '2026-04-07', 1, false),
(290405705, 450976, 152388, '2026-04-07', 1, false),
(290405706, 481787, 152388, '2026-04-07', 1, false),
(290405707, 420638, 152388, '2026-04-07', 1, false),
(290405708, 420906, 152388, '2026-04-07', 1, false),
(290405709, 422372, 152388, '2026-04-07', 1, false),
(290405710, 426780, 152388, '2026-04-07', 2, false),
(290694746, 377793, 152388, '2026-04-08', 1, false),
(290694747, 457886, 152388, '2026-04-08', 1, false),
(290694748, 379184, 152388, '2026-04-08', 1, false),
(290694749, 467877, 152388, '2026-04-08', 1, false),
(290694750, 426780, 152388, '2026-04-08', 2, false),
(290694751, 386712, 152388, '2026-04-08', 1, false),
(290694752, 468789, 152388, '2026-04-08', 1, false),
(290694753, 452978, 152388, '2026-04-08', 1, false),
(290694754, 451687, 152388, '2026-04-08', 1, false),
(290694755, 394494, 152388, '2026-04-08', 1, false),
(290694756, 429422, 152388, '2026-04-08', 2, false),
(290694757, 17329, 152388, '2026-04-08', 1, false),
(290694758, 435578, 152388, '2026-04-08', 2, false),
(290694759, 403111, 152388, '2026-04-08', 1, false),
(290694760, 407080, 152388, '2026-04-08', 1, false),
(290694761, 432927, 152388, '2026-04-08', 1, false),
(290694762, 453409, 152388, '2026-04-08', 1, false),
(290694763, 439011, 152388, '2026-04-08', 1, false),
(290694764, 413864, 152388, '2026-04-08', 1, false),
(290694765, 454046, 152388, '2026-04-08', 1, false),
(290694766, 414593, 152388, '2026-04-08', 1, false),
(290694767, 414626, 152388, '2026-04-08', 1, false),
(290694768, 450976, 152388, '2026-04-08', 1, false),
(290694769, 481787, 152388, '2026-04-08', 1, false),
(290694770, 420638, 152388, '2026-04-08', 1, false),
(290694771, 420906, 152388, '2026-04-08', 1, false),
(290694772, 422372, 152388, '2026-04-08', 1, false),
(290694773, 570904, 152388, '2026-04-08', 2, false),
(291081802, 377793, 152388, '2026-04-09', 1, false),
(291081803, 570904, 152388, '2026-04-09', 2, false),
(291081804, 457886, 152388, '2026-04-09', 1, false),
(291081805, 379184, 152388, '2026-04-09', 1, false),
(291081806, 467877, 152388, '2026-04-09', 1, false),
(291081807, 426780, 152388, '2026-04-09', 2, false),
(291081808, 386712, 152388, '2026-04-09', 1, false),
(291081809, 468789, 152388, '2026-04-09', 1, false),
(291081810, 452978, 152388, '2026-04-09', 1, false),
(291081811, 451687, 152388, '2026-04-09', 1, false),
(291081812, 394494, 152388, '2026-04-09', 1, false),
(291081813, 429422, 152388, '2026-04-09', 2, false),
(291081814, 17329, 152388, '2026-04-09', 1, false),
(291081815, 435578, 152388, '2026-04-09', 1, false),
(291081816, 403111, 152388, '2026-04-09', 1, false),
(291081817, 407080, 152388, '2026-04-09', 1, false),
(291081818, 432927, 152388, '2026-04-09', 1, false),
(291081819, 453409, 152388, '2026-04-09', 1, false),
(291081820, 439011, 152388, '2026-04-09', 1, false),
(291081821, 413864, 152388, '2026-04-09', 1, false),
(291081822, 454046, 152388, '2026-04-09', 1, false),
(291081823, 414593, 152388, '2026-04-09', 1, false),
(291081824, 414626, 152388, '2026-04-09', 1, false),
(291081825, 450976, 152388, '2026-04-09', 2, false),
(291081826, 481787, 152388, '2026-04-09', 1, false),
(291081827, 420638, 152388, '2026-04-09', 1, false),
(291081828, 420906, 152388, '2026-04-09', 1, false),
(291081829, 422372, 152388, '2026-04-09', 2, false),
(291447239, 377793, 152388, '2026-04-10', 1, false),
(291447240, 570904, 152388, '2026-04-10', 2, false),
(291447241, 457886, 152388, '2026-04-10', 1, false),
(291447242, 379184, 152388, '2026-04-10', 1, false),
(291447243, 467877, 152388, '2026-04-10', 1, false),
(291447244, 426780, 152388, '2026-04-10', 2, false),
(291447245, 386712, 152388, '2026-04-10', 1, false),
(291447246, 468789, 152388, '2026-04-10', 2, false),
(291447247, 452978, 152388, '2026-04-10', 2, false),
(291447248, 451687, 152388, '2026-04-10', 1, false),
(291447249, 394494, 152388, '2026-04-10', 2, false),
(291447250, 429422, 152388, '2026-04-10', 2, false),
(291447251, 17329, 152388, '2026-04-10', 1, false),
(291447252, 435578, 152388, '2026-04-10', 2, false),
(291447253, 403111, 152388, '2026-04-10', 1, false),
(291447254, 407080, 152388, '2026-04-10', 1, false),
(291447255, 432927, 152388, '2026-04-10', 1, false),
(291447256, 453409, 152388, '2026-04-10', 1, false),
(291447257, 439011, 152388, '2026-04-10', 1, false),
(291447258, 413864, 152388, '2026-04-10', 1, false),
(291447259, 454046, 152388, '2026-04-10', 1, false),
(291447260, 414593, 152388, '2026-04-10', 1, false),
(291447261, 414626, 152388, '2026-04-10', 1, false),
(291447262, 450976, 152388, '2026-04-10', 1, false),
(291447263, 481787, 152388, '2026-04-10', 1, false),
(291447264, 420638, 152388, '2026-04-10', 1, false),
(291447265, 420906, 152388, '2026-04-10', 1, false),
(291447266, 422372, 152388, '2026-04-10', 1, false),
(291822973, 377793, 152388, '2026-04-13', 1, false),
(291822974, 570904, 152388, '2026-04-13', 1, false),
(291822975, 379184, 152388, '2026-04-13', 1, false),
(291822976, 467877, 152388, '2026-04-13', 1, false),
(291822977, 386712, 152388, '2026-04-13', 1, false),
(291822978, 468789, 152388, '2026-04-13', 1, false),
(291822979, 452978, 152388, '2026-04-13', 1, false),
(291822980, 451687, 152388, '2026-04-13', 1, false),
(291822981, 394494, 152388, '2026-04-13', 1, false),
(291822982, 429422, 152388, '2026-04-13', 1, false),
(291822983, 17329, 152388, '2026-04-13', 1, false),
(291822984, 435578, 152388, '2026-04-13', 1, false),
(291822985, 403111, 152388, '2026-04-13', 1, false),
(291822986, 407080, 152388, '2026-04-13', 1, false),
(291822987, 432927, 152388, '2026-04-13', 1, false),
(291822988, 453409, 152388, '2026-04-13', 1, false),
(291822989, 439011, 152388, '2026-04-13', 1, false),
(291822990, 454046, 152388, '2026-04-13', 1, false),
(291822991, 414593, 152388, '2026-04-13', 1, false),
(291822992, 414626, 152388, '2026-04-13', 1, false),
(291822993, 450976, 152388, '2026-04-13', 1, false),
(291822994, 481787, 152388, '2026-04-13', 1, false),
(291822995, 420638, 152388, '2026-04-13', 1, false),
(291822996, 420906, 152388, '2026-04-13', 1, false),
(291822997, 422372, 152388, '2026-04-13', 2, false),
(291822998, 457886, 152388, '2026-04-13', 2, false),
(291822999, 426780, 152388, '2026-04-13', 2, false),
(291823000, 413864, 152388, '2026-04-13', 2, false),
(292288756, 377793, 152388, '2026-04-14', 1, false),
(292288757, 570904, 152388, '2026-04-14', 1, false),
(292288758, 457886, 152388, '2026-04-14', 1, false),
(292288759, 379184, 152388, '2026-04-14', 1, false),
(292288760, 467877, 152388, '2026-04-14', 1, false),
(292288761, 426780, 152388, '2026-04-14', 2, false),
(292288762, 386712, 152388, '2026-04-14', 1, false),
(292288763, 468789, 152388, '2026-04-14', 2, false),
(292288764, 452978, 152388, '2026-04-14', 1, false),
(292288765, 451687, 152388, '2026-04-14', 1, false),
(292288766, 394494, 152388, '2026-04-14', 1, false),
(292288767, 429422, 152388, '2026-04-14', 1, false),
(292288768, 17329, 152388, '2026-04-14', 1, false),
(292288769, 435578, 152388, '2026-04-14', 2, false),
(292288770, 403111, 152388, '2026-04-14', 1, false),
(292288771, 407080, 152388, '2026-04-14', 1, false),
(292288772, 432927, 152388, '2026-04-14', 1, false),
(292288773, 453409, 152388, '2026-04-14', 1, false),
(292288774, 439011, 152388, '2026-04-14', 1, false),
(292288775, 413864, 152388, '2026-04-14', 1, false),
(292288776, 454046, 152388, '2026-04-14', 1, false),
(292288777, 414593, 152388, '2026-04-14', 2, false),
(292288778, 414626, 152388, '2026-04-14', 1, false),
(292288779, 450976, 152388, '2026-04-14', 2, false),
(292288780, 481787, 152388, '2026-04-14', 1, false),
(292288781, 420638, 152388, '2026-04-14', 1, false),
(292288782, 420906, 152388, '2026-04-14', 1, false),
(292288783, 422372, 152388, '2026-04-14', 1, false),
(292288784, 377793, 152388, '2026-04-15', 1, false),
(292288785, 570904, 152388, '2026-04-15', 1, false),
(292288786, 457886, 152388, '2026-04-15', 1, false),
(292288787, 379184, 152388, '2026-04-15', 1, false),
(292288788, 467877, 152388, '2026-04-15', 1, false),
(292288789, 426780, 152388, '2026-04-15', 2, false),
(292288790, 386712, 152388, '2026-04-15', 1, false),
(292288791, 468789, 152388, '2026-04-15', 1, false),
(292288792, 452978, 152388, '2026-04-15', 1, false),
(292288793, 451687, 152388, '2026-04-15', 1, false),
(292288794, 394494, 152388, '2026-04-15', 1, false),
(292288795, 429422, 152388, '2026-04-15', 1, false),
(292288796, 17329, 152388, '2026-04-15', 1, false),
(292288797, 435578, 152388, '2026-04-15', 1, false),
(292288798, 403111, 152388, '2026-04-15', 1, false),
(292288799, 407080, 152388, '2026-04-15', 1, false),
(292288800, 432927, 152388, '2026-04-15', 1, false),
(292288801, 453409, 152388, '2026-04-15', 1, false),
(292288802, 439011, 152388, '2026-04-15', 1, false),
(292288803, 413864, 152388, '2026-04-15', 1, false),
(292288804, 454046, 152388, '2026-04-15', 1, false),
(292288805, 414593, 152388, '2026-04-15', 1, false),
(292288806, 414626, 152388, '2026-04-15', 1, false),
(292288807, 450976, 152388, '2026-04-15', 2, false),
(292288808, 481787, 152388, '2026-04-15', 1, false),
(292288809, 420638, 152388, '2026-04-15', 1, false),
(292288810, 420906, 152388, '2026-04-15', 1, false),
(292288811, 422372, 152388, '2026-04-15', 1, false),
(292795402, 377793, 152388, '2026-04-16', 2, false),
(292795403, 570904, 152388, '2026-04-16', 1, false),
(292795404, 457886, 152388, '2026-04-16', 1, false),
(292795405, 379184, 152388, '2026-04-16', 1, false),
(292795406, 467877, 152388, '2026-04-16', 1, false),
(292795407, 386712, 152388, '2026-04-16', 1, false),
(292795408, 468789, 152388, '2026-04-16', 1, false),
(292795409, 452978, 152388, '2026-04-16', 1, false),
(292795410, 451687, 152388, '2026-04-16', 1, false),
(292795411, 394494, 152388, '2026-04-16', 1, false),
(292795412, 429422, 152388, '2026-04-16', 1, false),
(292795413, 17329, 152388, '2026-04-16', 1, false),
(292795414, 435578, 152388, '2026-04-16', 1, false),
(292795415, 403111, 152388, '2026-04-16', 1, false),
(292795416, 407080, 152388, '2026-04-16', 2, false),
(292795417, 432927, 152388, '2026-04-16', 1, false),
(292795418, 439011, 152388, '2026-04-16', 1, false),
(292795419, 413864, 152388, '2026-04-16', 1, false),
(292795420, 454046, 152388, '2026-04-16', 1, false),
(292795421, 414593, 152388, '2026-04-16', 1, false),
(292795422, 450976, 152388, '2026-04-16', 1, false),
(292795423, 420638, 152388, '2026-04-16', 1, false),
(292795424, 420906, 152388, '2026-04-16', 1, false),
(292795425, 422372, 152388, '2026-04-16', 1, false),
(292795426, 426780, 152388, '2026-04-16', 2, false),
(292795427, 453409, 152388, '2026-04-16', 2, false),
(292795428, 414626, 152388, '2026-04-16', 2, false),
(292795429, 481787, 152388, '2026-04-16', 1, false),
(293037011, 377793, 152388, '2026-04-17', 1, false),
(293037012, 570904, 152388, '2026-04-17', 1, false),
(293037013, 457886, 152388, '2026-04-17', 1, false),
(293037014, 379184, 152388, '2026-04-17', 1, false),
(293037015, 467877, 152388, '2026-04-17', 1, false),
(293037016, 426780, 152388, '2026-04-17', 2, false),
(293037017, 386712, 152388, '2026-04-17', 1, false),
(293037018, 468789, 152388, '2026-04-17', 2, false),
(293037019, 452978, 152388, '2026-04-17', 1, false),
(293037020, 451687, 152388, '2026-04-17', 1, false),
(293037021, 394494, 152388, '2026-04-17', 1, false),
(293037022, 429422, 152388, '2026-04-17', 1, false),
(293037023, 17329, 152388, '2026-04-17', 1, false),
(293037024, 435578, 152388, '2026-04-17', 2, false),
(293037025, 403111, 152388, '2026-04-17', 1, false),
(293037026, 407080, 152388, '2026-04-17', 1, false),
(293037027, 432927, 152388, '2026-04-17', 1, false),
(293037028, 453409, 152388, '2026-04-17', 2, false),
(293037029, 439011, 152388, '2026-04-17', 1, false),
(293037030, 413864, 152388, '2026-04-17', 1, false),
(293037031, 454046, 152388, '2026-04-17', 1, false),
(293037032, 414593, 152388, '2026-04-17', 1, false),
(293037033, 414626, 152388, '2026-04-17', 2, false),
(293037034, 450976, 152388, '2026-04-17', 1, false),
(293037035, 481787, 152388, '2026-04-17', 1, false),
(293037036, 420638, 152388, '2026-04-17', 1, false),
(293037037, 420906, 152388, '2026-04-17', 1, false),
(293037038, 422372, 152388, '2026-04-17', 1, false),
(293576426, 377793, 152388, '2026-04-20', 1, false),
(293576427, 570904, 152388, '2026-04-20', 1, false),
(293576428, 457886, 152388, '2026-04-20', 1, false),
(293576429, 379184, 152388, '2026-04-20', 1, false),
(293576430, 467877, 152388, '2026-04-20', 1, false),
(293576431, 426780, 152388, '2026-04-20', 2, false),
(293576432, 386712, 152388, '2026-04-20', 1, false),
(293576433, 468789, 152388, '2026-04-20', 1, false),
(293576434, 452978, 152388, '2026-04-20', 1, false),
(293576435, 451687, 152388, '2026-04-20', 1, false),
(293576436, 394494, 152388, '2026-04-20', 1, false),
(293576437, 429422, 152388, '2026-04-20', 1, false),
(293576438, 17329, 152388, '2026-04-20', 1, false),
(293576439, 435578, 152388, '2026-04-20', 1, false),
(293576440, 403111, 152388, '2026-04-20', 1, false),
(293576441, 407080, 152388, '2026-04-20', 7, false),
(293576442, 432927, 152388, '2026-04-20', 1, false),
(293576443, 453409, 152388, '2026-04-20', 2, false),
(293576444, 439011, 152388, '2026-04-20', 1, false),
(293576445, 413864, 152388, '2026-04-20', 1, false),
(293576446, 454046, 152388, '2026-04-20', 1, false),
(293576447, 414593, 152388, '2026-04-20', 1, false),
(293576448, 414626, 152388, '2026-04-20', 1, false),
(293576449, 450976, 152388, '2026-04-20', 2, false),
(293576450, 481787, 152388, '2026-04-20', 1, false),
(293576451, 420638, 152388, '2026-04-20', 1, false),
(293576452, 420906, 152388, '2026-04-20', 1, false),
(293576453, 422372, 152388, '2026-04-20', 1, false),
(293791864, 377793, 152388, '2026-04-21', 1, false),
(293791865, 570904, 152388, '2026-04-21', 1, false),
(293791866, 457886, 152388, '2026-04-21', 1, false),
(293791867, 379184, 152388, '2026-04-21', 1, false),
(293791868, 467877, 152388, '2026-04-21', 1, false),
(293791869, 426780, 152388, '2026-04-21', 2, false),
(293791870, 386712, 152388, '2026-04-21', 1, false),
(293791871, 468789, 152388, '2026-04-21', 2, false),
(293791872, 452978, 152388, '2026-04-21', 1, false),
(293791873, 451687, 152388, '2026-04-21', 1, false),
(293791874, 394494, 152388, '2026-04-21', 1, false),
(293791875, 429422, 152388, '2026-04-21', 1, false),
(293791876, 17329, 152388, '2026-04-21', 1, false),
(293791877, 435578, 152388, '2026-04-21', 2, false),
(293791878, 403111, 152388, '2026-04-21', 1, false),
(293791879, 407080, 152388, '2026-04-21', 2, false),
(293791880, 432927, 152388, '2026-04-21', 1, false),
(293791881, 453409, 152388, '2026-04-21', 2, false),
(293791882, 439011, 152388, '2026-04-21', 1, false),
(293791883, 413864, 152388, '2026-04-21', 2, false),
(293791884, 454046, 152388, '2026-04-21', 1, false),
(293791885, 414593, 152388, '2026-04-21', 1, false),
(293791886, 414626, 152388, '2026-04-21', 2, false),
(293791887, 450976, 152388, '2026-04-21', 1, false),
(293791888, 481787, 152388, '2026-04-21', 1, false),
(293791889, 420638, 152388, '2026-04-21', 1, false),
(293791890, 420906, 152388, '2026-04-21', 1, false),
(293791891, 422372, 152388, '2026-04-21', 1, false),
(294018063, 414626, 152388, '2026-04-22', 2, false),
(294018064, 414626, 152388, '2026-04-23', 1, false),
(294018065, 414626, 152388, '2026-04-24', 1, false),
(294023112, 453409, 152388, '2026-04-22', 2, false),
(294023113, 453409, 152388, '2026-04-23', 2, false),
(294023114, 453409, 152388, '2026-04-24', 2, false),
(294523371, 377793, 152388, '2026-04-22', 1, false),
(294523372, 570904, 152388, '2026-04-22', 1, false),
(294523373, 457886, 152388, '2026-04-22', 1, false),
(294523374, 379184, 152388, '2026-04-22', 1, false),
(294523375, 467877, 152388, '2026-04-22', 1, false),
(294523376, 386712, 152388, '2026-04-22', 1, false),
(294523377, 468789, 152388, '2026-04-22', 1, false),
(294523378, 452978, 152388, '2026-04-22', 2, false),
(294523379, 451687, 152388, '2026-04-22', 1, false),
(294523380, 394494, 152388, '2026-04-22', 1, false),
(294523381, 429422, 152388, '2026-04-22', 1, false),
(294523382, 17329, 152388, '2026-04-22', 1, false),
(294523383, 435578, 152388, '2026-04-22', 1, false),
(294523384, 403111, 152388, '2026-04-22', 1, false),
(294523385, 407080, 152388, '2026-04-22', 1, false),
(294523386, 432927, 152388, '2026-04-22', 1, false),
(294523387, 439011, 152388, '2026-04-22', 1, false),
(294523388, 413864, 152388, '2026-04-22', 1, false),
(294523389, 454046, 152388, '2026-04-22', 1, false),
(294523390, 414593, 152388, '2026-04-22', 1, false),
(294523391, 450976, 152388, '2026-04-22', 2, false),
(294523392, 481787, 152388, '2026-04-22', 1, false),
(294523393, 420638, 152388, '2026-04-22', 1, false),
(294523394, 420906, 152388, '2026-04-22', 1, false),
(294523395, 422372, 152388, '2026-04-22', 1, false),
(294523396, 426780, 152388, '2026-04-22', 2, false),
(294877013, 377793, 152388, '2026-04-23', 1, false),
(294877014, 570904, 152388, '2026-04-23', 1, false),
(294877015, 457886, 152388, '2026-04-23', 1, false),
(294877016, 379184, 152388, '2026-04-23', 1, false),
(294877017, 467877, 152388, '2026-04-23', 1, false),
(294877018, 426780, 152388, '2026-04-23', 2, false),
(294877019, 386712, 152388, '2026-04-23', 1, false),
(294877020, 468789, 152388, '2026-04-23', 1, false),
(294877021, 452978, 152388, '2026-04-23', 1, false),
(294877022, 451687, 152388, '2026-04-23', 1, false),
(294877023, 394494, 152388, '2026-04-23', 1, false),
(294877024, 429422, 152388, '2026-04-23', 1, false),
(294877025, 17329, 152388, '2026-04-23', 1, false),
(294877026, 435578, 152388, '2026-04-23', 1, false),
(294877027, 403111, 152388, '2026-04-23', 1, false),
(294877028, 407080, 152388, '2026-04-23', 1, false),
(294877029, 432927, 152388, '2026-04-23', 1, false),
(294877030, 439011, 152388, '2026-04-23', 1, false),
(294877031, 413864, 152388, '2026-04-23', 1, false),
(294877032, 454046, 152388, '2026-04-23', 1, false),
(294877033, 414593, 152388, '2026-04-23', 1, false),
(294877034, 450976, 152388, '2026-04-23', 1, false),
(294877035, 481787, 152388, '2026-04-23', 1, false),
(294877036, 420638, 152388, '2026-04-23', 1, false),
(294877037, 420906, 152388, '2026-04-23', 1, false),
(294877038, 422372, 152388, '2026-04-23', 1, false),
(294877039, 377793, 152388, '2026-04-24', 1, false),
(294877040, 570904, 152388, '2026-04-24', 2, false),
(294877041, 457886, 152388, '2026-04-24', 1, false),
(294877042, 379184, 152388, '2026-04-24', 1, false),
(294877043, 467877, 152388, '2026-04-24', 1, false),
(294877044, 426780, 152388, '2026-04-24', 2, false),
(294877045, 386712, 152388, '2026-04-24', 1, false),
(294877046, 468789, 152388, '2026-04-24', 2, false),
(294877047, 452978, 152388, '2026-04-24', 1, false),
(294877048, 451687, 152388, '2026-04-24', 1, false),
(294877049, 394494, 152388, '2026-04-24', 1, false),
(294877050, 429422, 152388, '2026-04-24', 1, false),
(294877051, 17329, 152388, '2026-04-24', 1, false),
(294877052, 435578, 152388, '2026-04-24', 1, false),
(294877053, 403111, 152388, '2026-04-24', 1, false),
(294877054, 407080, 152388, '2026-04-24', 1, false),
(294877055, 432927, 152388, '2026-04-24', 2, false),
(294877056, 439011, 152388, '2026-04-24', 1, false),
(294877057, 413864, 152388, '2026-04-24', 1, false),
(294877058, 454046, 152388, '2026-04-24', 1, false),
(294877059, 414593, 152388, '2026-04-24', 1, false),
(294877060, 450976, 152388, '2026-04-24', 1, false),
(294877061, 481787, 152388, '2026-04-24', 1, false),
(294877062, 420638, 152388, '2026-04-24', 1, false),
(294877063, 420906, 152388, '2026-04-24', 1, false),
(294877064, 422372, 152388, '2026-04-24', 1, false),
(294018066, 414626, 152388, '2026-04-27', 2, false),
(294018067, 414626, 152388, '2026-04-28', 2, false),
(294018068, 414626, 152388, '2026-04-29', 2, false),
(294018069, 414626, 152388, '2026-04-30', 2, false),
(294018070, 414626, 152388, '2026-05-01', 2, false),
(294023115, 453409, 152388, '2026-04-27', 2, false),
(294023116, 453409, 152388, '2026-04-28', 2, false);

INSERT IGNORE INTO asistencias (id_presente, id_alumno, id_seccion, fecha, id_estado, is_jornada_extendida) VALUES 
(294023117, 453409, 152388, '2026-04-29', 2, false),
(294023118, 453409, 152388, '2026-04-30', 2, false),
(294023119, 453409, 152388, '2026-05-01', 2, false),
(296235935, 377793, 152388, '2026-04-30', 1, false),
(296235936, 379184, 152388, '2026-04-30', 1, false),
(296235937, 467877, 152388, '2026-04-30', 1, false),
(296235938, 386712, 152388, '2026-04-30', 1, false),
(296235939, 468789, 152388, '2026-04-30', 1, false),
(296235940, 452978, 152388, '2026-04-30', 1, false),
(296235941, 451687, 152388, '2026-04-30', 1, false),
(296235942, 394494, 152388, '2026-04-30', 1, false),
(296235943, 429422, 152388, '2026-04-30', 1, false),
(296235944, 17329, 152388, '2026-04-30', 1, false),
(296235945, 435578, 152388, '2026-04-30', 2, false),
(296235946, 403111, 152388, '2026-04-30', 1, false),
(296235947, 407080, 152388, '2026-04-30', 6, false),
(296235948, 432927, 152388, '2026-04-30', 1, false),
(296235949, 439011, 152388, '2026-04-30', 1, false),
(296235950, 413864, 152388, '2026-04-30', 1, false),
(296235951, 454046, 152388, '2026-04-30', 1, false),
(296235952, 414593, 152388, '2026-04-30', 1, false),
(296235953, 450976, 152388, '2026-04-30', 2, false),
(296235954, 481787, 152388, '2026-04-30', 1, false),
(296235955, 420638, 152388, '2026-04-30', 1, false),
(296235956, 420906, 152388, '2026-04-30', 1, false),
(296235957, 422372, 152388, '2026-04-30', 1, false),
(296235958, 570904, 152388, '2026-04-30', 2, false),
(296235959, 457886, 152388, '2026-04-30', 6, false),
(296235960, 426780, 152388, '2026-04-30', 2, false),
(289395885, 373589, 152389, '2026-03-30', 1, false),
(289395886, 382280, 152389, '2026-03-30', 1, false),
(289395887, 454195, 152389, '2026-03-30', 1, false),
(289395888, 391171, 152389, '2026-03-30', 1, false),
(289395889, 477312, 152389, '2026-03-30', 1, false),
(289395890, 461747, 152389, '2026-03-30', 1, false),
(289395891, 464724, 152389, '2026-03-30', 1, false),
(289395892, 474891, 152389, '2026-03-30', 1, false),
(289395893, 423691, 152389, '2026-03-30', 1, false),
(289395894, 411251, 152389, '2026-03-30', 1, false),
(289395895, 436192, 152389, '2026-03-30', 1, false),
(289395896, 448464, 152389, '2026-03-30', 1, false),
(289395897, 460730, 152389, '2026-03-30', 1, false),
(289395898, 415863, 152389, '2026-03-30', 1, false),
(289395899, 439914, 152389, '2026-03-30', 1, false),
(289395900, 735789, 152389, '2026-03-30', 1, false),
(289395901, 769136, 152389, '2026-03-30', 2, false),
(289754537, 373589, 152389, '2026-03-31', 1, false),
(289754538, 735789, 152389, '2026-03-31', 1, false),
(289754539, 382280, 152389, '2026-03-31', 1, false),
(289754540, 454195, 152389, '2026-03-31', 1, false),
(289754541, 391171, 152389, '2026-03-31', 1, false),
(289754542, 464724, 152389, '2026-03-31', 1, false),
(289754543, 474891, 152389, '2026-03-31', 1, false),
(289754544, 423691, 152389, '2026-03-31', 1, false),
(289754545, 411251, 152389, '2026-03-31', 1, false),
(289754546, 436192, 152389, '2026-03-31', 1, false),
(289754547, 448464, 152389, '2026-03-31', 1, false),
(289754548, 460730, 152389, '2026-03-31', 1, false),
(289754549, 415863, 152389, '2026-03-31', 1, false),
(289754550, 439914, 152389, '2026-03-31', 1, false),
(289754551, 769136, 152389, '2026-03-31', 2, false),
(289754552, 477312, 152389, '2026-03-31', 7, false),
(289754553, 461747, 152389, '2026-03-31', 7, false),
(289885918, 373589, 152389, '2026-04-01', 1, false),
(289885919, 735789, 152389, '2026-04-01', 2, false),
(289885920, 382280, 152389, '2026-04-01', 1, false),
(289885921, 454195, 152389, '2026-04-01', 1, false),
(289885922, 391171, 152389, '2026-04-01', 1, false),
(289885923, 769136, 152389, '2026-04-01', 2, false),
(289885924, 477312, 152389, '2026-04-01', 1, false),
(289885925, 461747, 152389, '2026-04-01', 1, false),
(289885926, 464724, 152389, '2026-04-01', 1, false),
(289885927, 474891, 152389, '2026-04-01', 1, false),
(289885928, 423691, 152389, '2026-04-01', 1, false),
(289885929, 411251, 152389, '2026-04-01', 1, false),
(289885930, 436192, 152389, '2026-04-01', 1, false),
(289885931, 448464, 152389, '2026-04-01', 1, false),
(289885932, 460730, 152389, '2026-04-01', 1, false),
(289885933, 415863, 152389, '2026-04-01', 1, false),
(289885934, 439914, 152389, '2026-04-01', 1, false),
(290978048, 373589, 152389, '2026-04-07', 1, false),
(290978049, 735789, 152389, '2026-04-07', 1, false),
(290978050, 382280, 152389, '2026-04-07', 1, false),
(290978051, 454195, 152389, '2026-04-07', 1, false),
(290978052, 391171, 152389, '2026-04-07', 1, false),
(290978053, 477312, 152389, '2026-04-07', 1, false),
(290978054, 461747, 152389, '2026-04-07', 1, false),
(290978055, 464724, 152389, '2026-04-07', 1, false),
(290978056, 474891, 152389, '2026-04-07', 1, false),
(290978057, 411251, 152389, '2026-04-07', 1, false),
(290978058, 436192, 152389, '2026-04-07', 1, false),
(290978059, 448464, 152389, '2026-04-07', 1, false),
(290978060, 460730, 152389, '2026-04-07', 1, false),
(290978061, 415863, 152389, '2026-04-07', 1, false),
(290978062, 439914, 152389, '2026-04-07', 1, false),
(290978063, 373589, 152389, '2026-04-06', 1, false),
(290978064, 382280, 152389, '2026-04-06', 1, false),
(290978065, 454195, 152389, '2026-04-06', 1, false),
(290978066, 391171, 152389, '2026-04-06', 1, false),
(290978067, 477312, 152389, '2026-04-06', 1, false),
(290978068, 461747, 152389, '2026-04-06', 1, false),
(290978069, 464724, 152389, '2026-04-06', 1, false),
(290978070, 474891, 152389, '2026-04-06', 1, false),
(290978071, 411251, 152389, '2026-04-06', 1, false),
(290978072, 436192, 152389, '2026-04-06', 1, false),
(290978073, 448464, 152389, '2026-04-06', 1, false),
(290978074, 460730, 152389, '2026-04-06', 1, false),
(290978075, 415863, 152389, '2026-04-06', 1, false),
(290978076, 439914, 152389, '2026-04-06', 1, false),
(290978077, 373589, 152389, '2026-04-08', 1, false),
(290978078, 735789, 152389, '2026-04-08', 1, false),
(290978079, 454195, 152389, '2026-04-08', 1, false),
(290978080, 391171, 152389, '2026-04-08', 1, false),
(290978081, 477312, 152389, '2026-04-08', 1, false),
(290978082, 461747, 152389, '2026-04-08', 1, false),
(290978083, 464724, 152389, '2026-04-08', 1, false),
(290978084, 474891, 152389, '2026-04-08', 1, false),
(290978085, 411251, 152389, '2026-04-08', 1, false),
(290978086, 436192, 152389, '2026-04-08', 1, false),
(290978087, 448464, 152389, '2026-04-08', 1, false),
(290978088, 460730, 152389, '2026-04-08', 1, false),
(290978089, 415863, 152389, '2026-04-08', 1, false),
(290978090, 439914, 152389, '2026-04-08', 1, false),
(290978091, 735789, 152389, '2026-04-06', 2, false),
(290978092, 382280, 152389, '2026-04-08', 2, false),
(290978093, 769136, 152389, '2026-04-06', 2, false),
(290978094, 769136, 152389, '2026-04-07', 2, false),
(290978095, 769136, 152389, '2026-04-08', 2, false),
(290978096, 423691, 152389, '2026-04-06', 2, false),
(290978097, 423691, 152389, '2026-04-07', 2, false),
(290978098, 423691, 152389, '2026-04-08', 2, false),
(291625515, 373589, 152389, '2026-04-10', 1, false),
(291625516, 735789, 152389, '2026-04-10', 1, false),
(291625517, 382280, 152389, '2026-04-10', 1, false),
(291625518, 454195, 152389, '2026-04-10', 1, false),
(291625519, 391171, 152389, '2026-04-10', 2, false),
(291625520, 769136, 152389, '2026-04-10', 2, false),
(291625521, 477312, 152389, '2026-04-10', 1, false),
(291625522, 461747, 152389, '2026-04-10', 1, false),
(291625523, 464724, 152389, '2026-04-10', 1, false),
(291625524, 474891, 152389, '2026-04-10', 1, false),
(291625525, 423691, 152389, '2026-04-10', 2, false),
(291625526, 411251, 152389, '2026-04-10', 1, false),
(291625527, 436192, 152389, '2026-04-10', 1, false),
(291625528, 448464, 152389, '2026-04-10', 1, false),
(291625529, 460730, 152389, '2026-04-10', 1, false),
(291625530, 415863, 152389, '2026-04-10', 1, false),
(291625531, 439914, 152389, '2026-04-10', 1, false),
(291625532, 373589, 152389, '2026-04-09', 1, false),
(291625533, 735789, 152389, '2026-04-09', 1, false),
(291625534, 382280, 152389, '2026-04-09', 1, false),
(291625535, 454195, 152389, '2026-04-09', 1, false),
(291625536, 391171, 152389, '2026-04-09', 1, false),
(291625537, 769136, 152389, '2026-04-09', 2, false),
(291625538, 477312, 152389, '2026-04-09', 1, false),
(291625539, 461747, 152389, '2026-04-09', 1, false),
(291625540, 464724, 152389, '2026-04-09', 1, false),
(291625541, 474891, 152389, '2026-04-09', 1, false),
(291625542, 423691, 152389, '2026-04-09', 2, false),
(291625543, 411251, 152389, '2026-04-09', 1, false),
(291625544, 436192, 152389, '2026-04-09', 1, false),
(291625545, 448464, 152389, '2026-04-09', 1, false),
(291625546, 460730, 152389, '2026-04-09', 1, false),
(291625547, 415863, 152389, '2026-04-09', 1, false),
(291625548, 439914, 152389, '2026-04-09', 1, false),
(291888758, 373589, 152389, '2026-04-13', 1, false),
(291888759, 735789, 152389, '2026-04-13', 1, false),
(291888760, 382280, 152389, '2026-04-13', 1, false),
(291888761, 454195, 152389, '2026-04-13', 1, false),
(291888762, 391171, 152389, '2026-04-13', 1, false),
(291888763, 461747, 152389, '2026-04-13', 1, false),
(291888764, 464724, 152389, '2026-04-13', 1, false),
(291888765, 474891, 152389, '2026-04-13', 1, false),
(291888766, 423691, 152389, '2026-04-13', 1, false),
(291888767, 411251, 152389, '2026-04-13', 1, false),
(291888768, 436192, 152389, '2026-04-13', 1, false),
(291888769, 448464, 152389, '2026-04-13', 1, false),
(291888770, 460730, 152389, '2026-04-13', 1, false),
(291888771, 415863, 152389, '2026-04-13', 1, false),
(291888772, 439914, 152389, '2026-04-13', 1, false),
(291888773, 769136, 152389, '2026-04-13', 2, false),
(291888774, 477312, 152389, '2026-04-13', 2, false),
(292121148, 373589, 152389, '2026-04-14', 1, false),
(292121149, 735789, 152389, '2026-04-14', 1, false),
(292121150, 382280, 152389, '2026-04-14', 1, false),
(292121151, 454195, 152389, '2026-04-14', 1, false),
(292121152, 391171, 152389, '2026-04-14', 1, false),
(292121153, 769136, 152389, '2026-04-14', 2, false),
(292121154, 477312, 152389, '2026-04-14', 1, false),
(292121155, 461747, 152389, '2026-04-14', 1, false),
(292121156, 464724, 152389, '2026-04-14', 1, false),
(292121157, 474891, 152389, '2026-04-14', 1, false),
(292121158, 423691, 152389, '2026-04-14', 1, false),
(292121159, 411251, 152389, '2026-04-14', 1, false),
(292121160, 436192, 152389, '2026-04-14', 1, false),
(292121161, 448464, 152389, '2026-04-14', 1, false),
(292121162, 460730, 152389, '2026-04-14', 1, false),
(292121163, 415863, 152389, '2026-04-14', 1, false),
(292121164, 439914, 152389, '2026-04-14', 1, false),
(292513262, 373589, 152389, '2026-04-15', 1, false),
(292513263, 382280, 152389, '2026-04-15', 1, false),
(292513264, 454195, 152389, '2026-04-15', 1, false),
(292513265, 391171, 152389, '2026-04-15', 1, false),
(292513266, 769136, 152389, '2026-04-15', 2, false),
(292513267, 477312, 152389, '2026-04-15', 1, false),
(292513268, 461747, 152389, '2026-04-15', 1, false),
(292513269, 464724, 152389, '2026-04-15', 1, false),
(292513270, 474891, 152389, '2026-04-15', 1, false),
(292513271, 423691, 152389, '2026-04-15', 1, false),
(292513272, 411251, 152389, '2026-04-15', 1, false),
(292513273, 436192, 152389, '2026-04-15', 1, false),
(292513274, 460730, 152389, '2026-04-15', 1, false),
(292513275, 415863, 152389, '2026-04-15', 1, false),
(292513276, 439914, 152389, '2026-04-15', 1, false),
(292513277, 735789, 152389, '2026-04-15', 2, false),
(292513278, 448464, 152389, '2026-04-15', 2, false),
(293013392, 373589, 152389, '2026-04-16', 1, false),
(293013393, 382280, 152389, '2026-04-16', 1, false),
(293013394, 454195, 152389, '2026-04-16', 1, false),
(293013395, 391171, 152389, '2026-04-16', 1, false),
(293013396, 477312, 152389, '2026-04-16', 1, false),
(293013397, 461747, 152389, '2026-04-16', 1, false),
(293013398, 464724, 152389, '2026-04-16', 1, false),
(293013399, 474891, 152389, '2026-04-16', 1, false),
(293013400, 423691, 152389, '2026-04-16', 1, false),
(293013401, 411251, 152389, '2026-04-16', 1, false),
(293013402, 436192, 152389, '2026-04-16', 1, false),
(293013403, 448464, 152389, '2026-04-16', 1, false),
(293013404, 460730, 152389, '2026-04-16', 1, false),
(293013405, 415863, 152389, '2026-04-16', 1, false),
(293013406, 439914, 152389, '2026-04-16', 1, false),
(293013407, 735789, 152389, '2026-04-16', 2, false),
(293013408, 769136, 152389, '2026-04-16', 2, false),
(293666749, 373589, 152389, '2026-04-17', 1, false),
(293666750, 735789, 152389, '2026-04-17', 1, false),
(293666751, 382280, 152389, '2026-04-17', 1, false),
(293666752, 454195, 152389, '2026-04-17', 1, false),
(293666753, 769136, 152389, '2026-04-17', 1, false),
(293666754, 477312, 152389, '2026-04-17', 1, false),
(293666755, 461747, 152389, '2026-04-17', 1, false),
(293666756, 464724, 152389, '2026-04-17', 1, false),
(293666757, 474891, 152389, '2026-04-17', 1, false),
(293666758, 423691, 152389, '2026-04-17', 1, false),
(293666759, 411251, 152389, '2026-04-17', 1, false),
(293666760, 436192, 152389, '2026-04-17', 1, false),
(293666761, 448464, 152389, '2026-04-17', 1, false),
(293666762, 460730, 152389, '2026-04-17', 1, false),
(293666763, 415863, 152389, '2026-04-17', 1, false),
(293666764, 439914, 152389, '2026-04-17', 1, false),
(293666765, 391171, 152389, '2026-04-17', 7, false),
(293654177, 373589, 152389, '2026-04-20', 1, false),
(293654178, 382280, 152389, '2026-04-20', 1, false),
(293654179, 454195, 152389, '2026-04-20', 1, false),
(293654180, 391171, 152389, '2026-04-20', 1, false),
(293654181, 461747, 152389, '2026-04-20', 1, false),
(293654182, 464724, 152389, '2026-04-20', 1, false),
(293654183, 474891, 152389, '2026-04-20', 1, false),
(293654184, 423691, 152389, '2026-04-20', 1, false),
(293654185, 411251, 152389, '2026-04-20', 2, false),
(293654186, 436192, 152389, '2026-04-20', 1, false),
(293654187, 448464, 152389, '2026-04-20', 1, false),
(293654188, 460730, 152389, '2026-04-20', 1, false),
(293654189, 415863, 152389, '2026-04-20', 1, false),
(293654190, 439914, 152389, '2026-04-20', 1, false),
(293654191, 735789, 152389, '2026-04-20', 2, false),
(293654192, 769136, 152389, '2026-04-20', 2, false),
(293654193, 477312, 152389, '2026-04-20', 2, false),
(294732088, 373589, 152389, '2026-04-23', 1, false),
(294732089, 382280, 152389, '2026-04-23', 1, false),
(294732090, 454195, 152389, '2026-04-23', 1, false),
(294732091, 391171, 152389, '2026-04-23', 7, false),
(294732092, 769136, 152389, '2026-04-23', 2, false),
(294732093, 477312, 152389, '2026-04-23', 1, false),
(294732094, 461747, 152389, '2026-04-23', 1, false),
(294732095, 464724, 152389, '2026-04-23', 1, false),
(294732096, 474891, 152389, '2026-04-23', 1, false),
(294732097, 423691, 152389, '2026-04-23', 1, false),
(294732098, 411251, 152389, '2026-04-23', 1, false),
(294732099, 436192, 152389, '2026-04-23', 1, false),
(294732100, 448464, 152389, '2026-04-23', 2, false),
(294732101, 460730, 152389, '2026-04-23', 1, false),
(294732102, 415863, 152389, '2026-04-23', 1, false),
(294732103, 439914, 152389, '2026-04-23', 1, false),
(294732104, 735789, 152389, '2026-04-23', 2, false),
(295091976, 373589, 152389, '2026-04-24', 1, false),
(295091977, 382280, 152389, '2026-04-24', 1, false),
(295091978, 454195, 152389, '2026-04-24', 1, false),
(295091979, 391171, 152389, '2026-04-24', 2, false),
(295091980, 477312, 152389, '2026-04-24', 1, false),
(295091981, 461747, 152389, '2026-04-24', 1, false),
(295091982, 464724, 152389, '2026-04-24', 1, false),
(295091983, 474891, 152389, '2026-04-24', 1, false),
(295091984, 423691, 152389, '2026-04-24', 1, false),
(295091985, 411251, 152389, '2026-04-24', 1, false),
(295091986, 436192, 152389, '2026-04-24', 1, false),
(295091987, 448464, 152389, '2026-04-24', 1, false),
(295091988, 460730, 152389, '2026-04-24', 1, false),
(295091989, 415863, 152389, '2026-04-24', 1, false),
(295091990, 439914, 152389, '2026-04-24', 1, false),
(295091991, 735789, 152389, '2026-04-24', 2, false),
(295091992, 769136, 152389, '2026-04-24', 2, false),
(295092766, 373589, 152389, '2026-04-21', 1, false),
(295092767, 735789, 152389, '2026-04-21', 1, false),
(295092768, 382280, 152389, '2026-04-21', 1, false),
(295092769, 454195, 152389, '2026-04-21', 1, false),
(295092770, 391171, 152389, '2026-04-21', 1, false),
(295092771, 477312, 152389, '2026-04-21', 1, false),
(295092772, 461747, 152389, '2026-04-21', 1, false),
(295092773, 464724, 152389, '2026-04-21', 1, false),
(295092774, 474891, 152389, '2026-04-21', 1, false),
(295092775, 423691, 152389, '2026-04-21', 1, false),
(295092776, 411251, 152389, '2026-04-21', 1, false),
(295092777, 436192, 152389, '2026-04-21', 1, false),
(295092778, 448464, 152389, '2026-04-21', 1, false),
(295092779, 460730, 152389, '2026-04-21', 1, false),
(295092780, 415863, 152389, '2026-04-21', 1, false),
(295092781, 439914, 152389, '2026-04-21', 1, false),
(295092782, 373589, 152389, '2026-04-22', 1, false),
(295092783, 735789, 152389, '2026-04-22', 1, false),
(295092784, 382280, 152389, '2026-04-22', 1, false),
(295092785, 454195, 152389, '2026-04-22', 1, false),
(295092786, 391171, 152389, '2026-04-22', 1, false),
(295092787, 477312, 152389, '2026-04-22', 1, false),
(295092788, 461747, 152389, '2026-04-22', 1, false),
(295092789, 464724, 152389, '2026-04-22', 1, false),
(295092790, 474891, 152389, '2026-04-22', 1, false),
(295092791, 423691, 152389, '2026-04-22', 1, false),
(295092792, 411251, 152389, '2026-04-22', 1, false),
(295092793, 436192, 152389, '2026-04-22', 1, false),
(295092794, 448464, 152389, '2026-04-22', 1, false),
(295092795, 460730, 152389, '2026-04-22', 1, false),
(295092796, 415863, 152389, '2026-04-22', 1, false),
(295092797, 439914, 152389, '2026-04-22', 1, false),
(295092798, 769136, 152389, '2026-04-22', 2, false),
(295092799, 769136, 152389, '2026-04-21', 2, false),
(295604871, 373589, 152389, '2026-04-27', 1, false),
(295604872, 382280, 152389, '2026-04-27', 1, false),
(295604873, 454195, 152389, '2026-04-27', 1, false),
(295604874, 391171, 152389, '2026-04-27', 1, false),
(295604875, 477312, 152389, '2026-04-27', 1, false),
(295604876, 464724, 152389, '2026-04-27', 1, false),
(295604877, 474891, 152389, '2026-04-27', 1, false),
(295604878, 423691, 152389, '2026-04-27', 1, false),
(295604879, 411251, 152389, '2026-04-27', 1, false),
(295604880, 436192, 152389, '2026-04-27', 1, false),
(295604881, 448464, 152389, '2026-04-27', 1, false),
(295604882, 460730, 152389, '2026-04-27', 1, false),
(295604883, 415863, 152389, '2026-04-27', 1, false),
(295604884, 439914, 152389, '2026-04-27', 1, false),
(295604885, 735789, 152389, '2026-04-27', 7, false),
(295604886, 769136, 152389, '2026-04-27', 2, false),
(295604887, 461747, 152389, '2026-04-27', 2, false),
(295652007, 373589, 152389, '2026-04-28', 1, false),
(295652008, 735789, 152389, '2026-04-28', 1, false),
(295652009, 382280, 152389, '2026-04-28', 1, false),
(295652010, 454195, 152389, '2026-04-28', 1, false),
(295652011, 391171, 152389, '2026-04-28', 1, false),
(295652012, 477312, 152389, '2026-04-28', 1, false),
(295652013, 464724, 152389, '2026-04-28', 1, false),
(295652014, 474891, 152389, '2026-04-28', 1, false),
(295652015, 423691, 152389, '2026-04-28', 1, false),
(295652016, 411251, 152389, '2026-04-28', 1, false),
(295652017, 436192, 152389, '2026-04-28', 1, false),
(295652018, 448464, 152389, '2026-04-28', 1, false),
(295652019, 460730, 152389, '2026-04-28', 1, false),
(295652020, 415863, 152389, '2026-04-28', 1, false),
(295652021, 439914, 152389, '2026-04-28', 1, false),
(295652022, 769136, 152389, '2026-04-28', 2, false),
(295652023, 461747, 152389, '2026-04-28', 2, false),
(296549112, 373589, 152389, '2026-04-30', 1, false),
(296549113, 735789, 152389, '2026-04-30', 1, false),
(296549114, 382280, 152389, '2026-04-30', 1, false),
(296549115, 391171, 152389, '2026-04-30', 1, false),
(296549116, 477312, 152389, '2026-04-30', 1, false),
(296549117, 461747, 152389, '2026-04-30', 1, false),
(296549118, 464724, 152389, '2026-04-30', 1, false),
(296549119, 474891, 152389, '2026-04-30', 1, false),
(296549120, 423691, 152389, '2026-04-30', 1, false),
(296549121, 411251, 152389, '2026-04-30', 1, false),
(296549122, 436192, 152389, '2026-04-30', 1, false),
(296549123, 448464, 152389, '2026-04-30', 1, false),
(296549124, 460730, 152389, '2026-04-30', 1, false),
(296549125, 415863, 152389, '2026-04-30', 1, false),
(296549126, 439914, 152389, '2026-04-30', 1, false),
(296549127, 454195, 152389, '2026-04-30', 2, false),
(296549128, 769136, 152389, '2026-04-30', 2, false),
(296633076, 373589, 152389, '2026-04-29', 1, false),
(296633077, 382280, 152389, '2026-04-29', 1, false),
(296633078, 454195, 152389, '2026-04-29', 1, false),
(296633079, 391171, 152389, '2026-04-29', 1, false),
(296633080, 769136, 152389, '2026-04-29', 2, false),
(296633081, 477312, 152389, '2026-04-29', 1, false),
(296633082, 461747, 152389, '2026-04-29', 1, false),
(296633083, 464724, 152389, '2026-04-29', 1, false),
(296633084, 474891, 152389, '2026-04-29', 1, false),
(296633085, 423691, 152389, '2026-04-29', 1, false),
(296633086, 411251, 152389, '2026-04-29', 1, false),
(296633087, 436192, 152389, '2026-04-29', 1, false),
(296633088, 448464, 152389, '2026-04-29', 1, false),
(296633089, 460730, 152389, '2026-04-29', 1, false),
(296633090, 415863, 152389, '2026-04-29', 1, false),
(296633091, 439914, 152389, '2026-04-29', 1, false),
(296633092, 735789, 152389, '2026-04-29', 2, false),
(289887173, 607309, 152390, '2026-04-01', 2, false),
(289887174, 467004, 152390, '2026-04-01', 1, false),
(289887175, 458987, 152390, '2026-04-01', 1, false),
(289887176, 510899, 152390, '2026-04-01', 1, false),
(289887177, 570100, 152390, '2026-04-01', 1, false),
(289887178, 478945, 152390, '2026-04-01', 1, false),
(289887179, 607346, 152390, '2026-04-01', 1, false),
(289887180, 430944, 152390, '2026-04-01', 1, false),
(289887181, 392263, 152390, '2026-04-01', 1, false),
(289887182, 530603, 152390, '2026-04-01', 2, false),
(289887183, 452537, 152390, '2026-04-01', 1, false),
(289887184, 412063, 152390, '2026-04-01', 2, false),
(289887185, 356925, 152390, '2026-04-01', 1, false),
(289887186, 453578, 152390, '2026-04-01', 1, false),
(289887187, 465639, 152390, '2026-04-01', 1, false),
(289887188, 419055, 152390, '2026-04-01', 1, false),
(289890643, 607309, 152390, '2026-03-30', 1, false),
(289890644, 467004, 152390, '2026-03-30', 1, false),
(289890645, 458987, 152390, '2026-03-30', 1, false),
(289890646, 510899, 152390, '2026-03-30', 2, false),
(289890647, 570100, 152390, '2026-03-30', 1, false),
(289890648, 478945, 152390, '2026-03-30', 1, false),
(289890649, 607346, 152390, '2026-03-30', 1, false),
(289890650, 430944, 152390, '2026-03-30', 1, false),
(289890651, 392263, 152390, '2026-03-30', 1, false),
(289890652, 530603, 152390, '2026-03-30', 2, false),
(289890653, 452537, 152390, '2026-03-30', 1, false),
(289890654, 412063, 152390, '2026-03-30', 2, false),
(289890655, 356925, 152390, '2026-03-30', 1, false),
(289890656, 453578, 152390, '2026-03-30', 1, false),
(289890657, 465639, 152390, '2026-03-30', 1, false),
(289890658, 419055, 152390, '2026-03-30', 1, false),
(289892067, 607309, 152390, '2026-03-31', 1, false),
(289892068, 467004, 152390, '2026-03-31', 1, false),
(289892069, 458987, 152390, '2026-03-31', 1, false),
(289892070, 510899, 152390, '2026-03-31', 1, false),
(289892071, 570100, 152390, '2026-03-31', 1, false),
(289892072, 478945, 152390, '2026-03-31', 1, false),
(289892073, 607346, 152390, '2026-03-31', 1, false),
(289892074, 430944, 152390, '2026-03-31', 1, false),
(289892075, 392263, 152390, '2026-03-31', 1, false),
(289892076, 530603, 152390, '2026-03-31', 2, false),
(289892077, 452537, 152390, '2026-03-31', 1, false),
(289892078, 412063, 152390, '2026-03-31', 1, false),
(289892079, 356925, 152390, '2026-03-31', 1, false),
(289892080, 453578, 152390, '2026-03-31', 1, false),
(289892081, 465639, 152390, '2026-03-31', 1, false),
(289892082, 419055, 152390, '2026-03-31', 1, false),
(290254775, 607309, 152390, '2026-04-06', 2, false),
(290254776, 467004, 152390, '2026-04-06', 2, false),
(290254777, 458987, 152390, '2026-04-06', 1, false),
(290254778, 510899, 152390, '2026-04-06', 1, false),
(290254779, 570100, 152390, '2026-04-06', 2, false),
(290254780, 478945, 152390, '2026-04-06', 1, false),
(290254781, 607346, 152390, '2026-04-06', 1, false),
(290254782, 430944, 152390, '2026-04-06', 1, false),
(290254783, 392263, 152390, '2026-04-06', 1, false),
(290254784, 530603, 152390, '2026-04-06', 1, false),
(290254785, 452537, 152390, '2026-04-06', 1, false),
(290254786, 412063, 152390, '2026-04-06', 1, false),
(290254787, 356925, 152390, '2026-04-06', 1, false),
(290254788, 453578, 152390, '2026-04-06', 1, false),
(290254789, 465639, 152390, '2026-04-06', 1, false),
(290254790, 419055, 152390, '2026-04-06', 2, false),
(290940542, 607309, 152390, '2026-04-07', 2, false),
(290940543, 467004, 152390, '2026-04-07', 1, false),
(290940544, 458987, 152390, '2026-04-07', 1, false),
(290940545, 510899, 152390, '2026-04-07', 1, false),
(290940546, 570100, 152390, '2026-04-07', 1, false),
(290940547, 478945, 152390, '2026-04-07', 1, false),
(290940548, 607346, 152390, '2026-04-07', 1, false),
(290940549, 430944, 152390, '2026-04-07', 1, false),
(290940550, 392263, 152390, '2026-04-07', 1, false),
(290940551, 530603, 152390, '2026-04-07', 1, false),
(290940552, 452537, 152390, '2026-04-07', 1, false),
(290940553, 412063, 152390, '2026-04-07', 1, false),
(290940554, 356925, 152390, '2026-04-07', 1, false),
(290940555, 453578, 152390, '2026-04-07', 1, false),
(290940556, 465639, 152390, '2026-04-07', 1, false),
(290940557, 419055, 152390, '2026-04-07', 1, false),
(290940750, 607309, 152390, '2026-04-08', 2, false),
(290940751, 467004, 152390, '2026-04-08', 1, false),
(290940752, 458987, 152390, '2026-04-08', 1, false),
(290940753, 510899, 152390, '2026-04-08', 1, false),
(290940754, 570100, 152390, '2026-04-08', 1, false),
(290940755, 478945, 152390, '2026-04-08', 1, false),
(290940756, 607346, 152390, '2026-04-08', 1, false),
(290940757, 430944, 152390, '2026-04-08', 1, false),
(290940758, 392263, 152390, '2026-04-08', 1, false),
(290940759, 530603, 152390, '2026-04-08', 1, false),
(290940760, 452537, 152390, '2026-04-08', 1, false),
(290940761, 412063, 152390, '2026-04-08', 2, false),
(290940762, 356925, 152390, '2026-04-08', 1, false),
(290940763, 453578, 152390, '2026-04-08', 1, false),
(290940764, 465639, 152390, '2026-04-08', 1, false),
(290940765, 419055, 152390, '2026-04-08', 1, false),
(291159410, 467004, 152390, '2026-04-09', 1, false);

INSERT IGNORE INTO asistencias (id_presente, id_alumno, id_seccion, fecha, id_estado, is_jornada_extendida) VALUES 
(291159411, 458987, 152390, '2026-04-09', 1, false),
(291159412, 510899, 152390, '2026-04-09', 2, false),
(291159413, 570100, 152390, '2026-04-09', 1, false),
(291159414, 478945, 152390, '2026-04-09', 1, false),
(291159415, 607346, 152390, '2026-04-09', 1, false),
(291159416, 430944, 152390, '2026-04-09', 1, false),
(291159417, 392263, 152390, '2026-04-09', 1, false),
(291159418, 530603, 152390, '2026-04-09', 1, false),
(291159419, 452537, 152390, '2026-04-09', 1, false),
(291159420, 412063, 152390, '2026-04-09', 1, false),
(291159421, 356925, 152390, '2026-04-09', 1, false),
(291159422, 453578, 152390, '2026-04-09', 1, false),
(291159423, 465639, 152390, '2026-04-09', 1, false),
(291159424, 419055, 152390, '2026-04-09', 1, false),
(291159425, 607309, 152390, '2026-04-09', 2, false),
(291538825, 467004, 152390, '2026-04-10', 1, false),
(291538826, 458987, 152390, '2026-04-10', 1, false),
(291538827, 510899, 152390, '2026-04-10', 1, false),
(291538828, 570100, 152390, '2026-04-10', 1, false),
(291538829, 478945, 152390, '2026-04-10', 1, false),
(291538830, 607346, 152390, '2026-04-10', 1, false),
(291538831, 430944, 152390, '2026-04-10', 1, false),
(291538832, 392263, 152390, '2026-04-10', 1, false),
(291538833, 530603, 152390, '2026-04-10', 1, false),
(291538834, 452537, 152390, '2026-04-10', 1, false),
(291538835, 412063, 152390, '2026-04-10', 1, false),
(291538836, 356925, 152390, '2026-04-10', 1, false),
(291538837, 453578, 152390, '2026-04-10', 1, false),
(291538838, 465639, 152390, '2026-04-10', 1, false),
(291538839, 419055, 152390, '2026-04-10', 1, false),
(291538840, 607309, 152390, '2026-04-10', 2, false),
(291911845, 467004, 152390, '2026-04-13', 1, false),
(291911846, 458987, 152390, '2026-04-13', 1, false),
(291911847, 510899, 152390, '2026-04-13', 1, false),
(291911848, 570100, 152390, '2026-04-13', 1, false),
(291911849, 478945, 152390, '2026-04-13', 2, false),
(291911850, 607346, 152390, '2026-04-13', 1, false),
(291911851, 430944, 152390, '2026-04-13', 1, false),
(291911852, 392263, 152390, '2026-04-13', 1, false),
(291911853, 530603, 152390, '2026-04-13', 1, false),
(291911854, 452537, 152390, '2026-04-13', 1, false),
(291911855, 412063, 152390, '2026-04-13', 2, false),
(291911856, 356925, 152390, '2026-04-13', 1, false),
(291911857, 453578, 152390, '2026-04-13', 1, false),
(291911858, 465639, 152390, '2026-04-13', 1, false),
(291911859, 419055, 152390, '2026-04-13', 1, false),
(291911860, 607309, 152390, '2026-04-13', 2, false),
(292176800, 467004, 152390, '2026-04-14', 1, false),
(292176801, 458987, 152390, '2026-04-14', 1, false),
(292176802, 510899, 152390, '2026-04-14', 1, false),
(292176803, 570100, 152390, '2026-04-14', 2, false),
(292176804, 478945, 152390, '2026-04-14', 2, false),
(292176805, 607346, 152390, '2026-04-14', 1, false),
(292176806, 430944, 152390, '2026-04-14', 1, false),
(292176807, 392263, 152390, '2026-04-14', 1, false),
(292176808, 530603, 152390, '2026-04-14', 1, false),
(292176809, 452537, 152390, '2026-04-14', 1, false),
(292176810, 412063, 152390, '2026-04-14', 1, false),
(292176811, 356925, 152390, '2026-04-14', 1, false),
(292176812, 453578, 152390, '2026-04-14', 1, false),
(292176813, 465639, 152390, '2026-04-14', 1, false),
(292176814, 419055, 152390, '2026-04-14', 1, false),
(292176815, 607309, 152390, '2026-04-14', 2, false),
(292493173, 467004, 152390, '2026-04-15', 1, false),
(292493174, 458987, 152390, '2026-04-15', 1, false),
(292493175, 510899, 152390, '2026-04-15', 1, false),
(292493176, 570100, 152390, '2026-04-15', 1, false),
(292493177, 478945, 152390, '2026-04-15', 2, false),
(292493178, 607346, 152390, '2026-04-15', 1, false),
(292493179, 430944, 152390, '2026-04-15', 1, false),
(292493180, 392263, 152390, '2026-04-15', 1, false),
(292493181, 530603, 152390, '2026-04-15', 1, false),
(292493182, 452537, 152390, '2026-04-15', 1, false),
(292493183, 412063, 152390, '2026-04-15', 1, false),
(292493184, 356925, 152390, '2026-04-15', 1, false),
(292493185, 453578, 152390, '2026-04-15', 1, false),
(292493186, 465639, 152390, '2026-04-15', 1, false),
(292493187, 419055, 152390, '2026-04-15', 2, false),
(292493188, 607309, 152390, '2026-04-15', 2, false),
(292860044, 467004, 152390, '2026-04-16', 1, false),
(292860045, 458987, 152390, '2026-04-16', 1, false),
(292860046, 510899, 152390, '2026-04-16', 1, false),
(292860047, 570100, 152390, '2026-04-16', 1, false),
(292860048, 478945, 152390, '2026-04-16', 2, false),
(292860049, 607346, 152390, '2026-04-16', 1, false),
(292860050, 430944, 152390, '2026-04-16', 1, false),
(292860051, 392263, 152390, '2026-04-16', 1, false),
(292860052, 530603, 152390, '2026-04-16', 1, false),
(292860053, 452537, 152390, '2026-04-16', 1, false),
(292860054, 412063, 152390, '2026-04-16', 1, false),
(292860055, 356925, 152390, '2026-04-16', 1, false),
(292860056, 453578, 152390, '2026-04-16', 1, false),
(292860057, 465639, 152390, '2026-04-16', 1, false),
(292860058, 419055, 152390, '2026-04-16', 1, false),
(292860059, 607309, 152390, '2026-04-16', 2, false),
(294436327, 467004, 152390, '2026-04-21', 1, false),
(294436328, 458987, 152390, '2026-04-21', 1, false),
(294436329, 510899, 152390, '2026-04-21', 1, false),
(294436330, 478945, 152390, '2026-04-21', 1, false),
(294436331, 607346, 152390, '2026-04-21', 1, false),
(294436332, 430944, 152390, '2026-04-21', 1, false),
(294436333, 392263, 152390, '2026-04-21', 1, false),
(294436334, 530603, 152390, '2026-04-21', 1, false),
(294436335, 452537, 152390, '2026-04-21', 1, false),
(294436336, 412063, 152390, '2026-04-21', 1, false),
(294436337, 356925, 152390, '2026-04-21', 1, false),
(294436338, 453578, 152390, '2026-04-21', 1, false),
(294436339, 465639, 152390, '2026-04-21', 1, false),
(294436340, 419055, 152390, '2026-04-21', 1, false),
(294436341, 607309, 152390, '2026-04-21', 2, false),
(294436342, 570100, 152390, '2026-04-21', 2, false),
(294436343, 467004, 152390, '2026-04-22', 1, false),
(294436344, 458987, 152390, '2026-04-22', 1, false),
(294436345, 570100, 152390, '2026-04-22', 1, false),
(294436346, 478945, 152390, '2026-04-22', 1, false),
(294436347, 607346, 152390, '2026-04-22', 1, false),
(294436348, 430944, 152390, '2026-04-22', 1, false),
(294436349, 392263, 152390, '2026-04-22', 1, false),
(294436350, 530603, 152390, '2026-04-22', 1, false),
(294436351, 452537, 152390, '2026-04-22', 1, false),
(294436352, 356925, 152390, '2026-04-22', 1, false),
(294436353, 453578, 152390, '2026-04-22', 1, false),
(294436354, 465639, 152390, '2026-04-22', 1, false),
(294436355, 607309, 152390, '2026-04-22', 2, false),
(294436356, 510899, 152390, '2026-04-22', 2, false),
(294436357, 419055, 152390, '2026-04-22', 2, false),
(294436358, 412063, 152390, '2026-04-22', 2, false),
(294436359, 607309, 152390, '2026-04-20', 1, false),
(294436360, 467004, 152390, '2026-04-20', 1, false),
(294436361, 458987, 152390, '2026-04-20', 1, false),
(294436362, 510899, 152390, '2026-04-20', 1, false),
(294436363, 570100, 152390, '2026-04-20', 1, false),
(294436364, 478945, 152390, '2026-04-20', 1, false),
(294436365, 607346, 152390, '2026-04-20', 1, false),
(294436366, 430944, 152390, '2026-04-20', 1, false),
(294436367, 392263, 152390, '2026-04-20', 1, false),
(294436368, 530603, 152390, '2026-04-20', 1, false),
(294436369, 452537, 152390, '2026-04-20', 1, false),
(294436370, 412063, 152390, '2026-04-20', 1, false),
(294436371, 356925, 152390, '2026-04-20', 1, false),
(294436372, 453578, 152390, '2026-04-20', 1, false),
(294436373, 465639, 152390, '2026-04-20', 1, false),
(294436374, 419055, 152390, '2026-04-20', 1, false),
(296041358, 467004, 152390, '2026-04-27', 1, false),
(296041359, 458987, 152390, '2026-04-27', 1, false),
(296041360, 510899, 152390, '2026-04-27', 1, false),
(296041361, 570100, 152390, '2026-04-27', 1, false),
(296041362, 478945, 152390, '2026-04-27', 1, false),
(296041363, 607346, 152390, '2026-04-27', 1, false),
(296041364, 430944, 152390, '2026-04-27', 1, false),
(296041365, 392263, 152390, '2026-04-27', 1, false),
(296041366, 530603, 152390, '2026-04-27', 1, false),
(296041367, 356925, 152390, '2026-04-27', 1, false),
(296041368, 453578, 152390, '2026-04-27', 1, false),
(296041369, 465639, 152390, '2026-04-27', 1, false),
(296041370, 607309, 152390, '2026-04-27', 2, false),
(296041371, 412063, 152390, '2026-04-27', 2, false),
(296041372, 419055, 152390, '2026-04-27', 2, false),
(296041373, 452537, 152390, '2026-04-27', 2, false),
(296041374, 467004, 152390, '2026-04-28', 1, false),
(296041375, 458987, 152390, '2026-04-28', 1, false),
(296041376, 510899, 152390, '2026-04-28', 1, false),
(296041377, 570100, 152390, '2026-04-28', 1, false),
(296041378, 478945, 152390, '2026-04-28', 1, false),
(296041379, 607346, 152390, '2026-04-28', 1, false),
(296041380, 430944, 152390, '2026-04-28', 1, false),
(296041381, 392263, 152390, '2026-04-28', 1, false),
(296041382, 530603, 152390, '2026-04-28', 1, false),
(296041383, 412063, 152390, '2026-04-28', 1, false),
(296041384, 356925, 152390, '2026-04-28', 1, false),
(296041385, 453578, 152390, '2026-04-28', 1, false),
(296041386, 465639, 152390, '2026-04-28', 1, false),
(296041387, 419055, 152390, '2026-04-28', 1, false),
(296041388, 452537, 152390, '2026-04-28', 2, false),
(296041389, 467004, 152390, '2026-04-29', 1, false),
(296041390, 458987, 152390, '2026-04-29', 1, false),
(296041391, 510899, 152390, '2026-04-29', 1, false),
(296041392, 570100, 152390, '2026-04-29', 1, false),
(296041393, 478945, 152390, '2026-04-29', 2, false),
(296041394, 607346, 152390, '2026-04-29', 1, false),
(296041395, 430944, 152390, '2026-04-29', 1, false),
(296041396, 392263, 152390, '2026-04-29', 1, false),
(296041397, 530603, 152390, '2026-04-29', 1, false),
(296041398, 452537, 152390, '2026-04-29', 6, false),
(296041399, 412063, 152390, '2026-04-29', 2, false),
(296041400, 356925, 152390, '2026-04-29', 1, false),
(296041401, 453578, 152390, '2026-04-29', 1, false),
(296041402, 465639, 152390, '2026-04-29', 2, false),
(296041403, 419055, 152390, '2026-04-29', 1, false),
(296041404, 607309, 152390, '2026-04-29', 2, false),
(296041405, 607309, 152390, '2026-04-28', 2, false),
(296549171, 467004, 152390, '2026-04-30', 1, false),
(296549172, 458987, 152390, '2026-04-30', 1, false),
(296549173, 510899, 152390, '2026-04-30', 1, false),
(296549174, 570100, 152390, '2026-04-30', 1, false),
(296549175, 607346, 152390, '2026-04-30', 1, false),
(296549176, 430944, 152390, '2026-04-30', 1, false),
(296549177, 392263, 152390, '2026-04-30', 1, false),
(296549178, 530603, 152390, '2026-04-30', 1, false),
(296549179, 412063, 152390, '2026-04-30', 1, false),
(296549180, 356925, 152390, '2026-04-30', 1, false),
(296549181, 453578, 152390, '2026-04-30', 1, false),
(296549182, 419055, 152390, '2026-04-30', 1, false),
(296549183, 607309, 152390, '2026-04-30', 2, false),
(296549184, 478945, 152390, '2026-04-30', 7, false),
(296549185, 452537, 152390, '2026-04-30', 2, false),
(296549186, 465639, 152390, '2026-04-30', 2, false);

